"","image","parent_image","efficiency","wastedBytes","userWastedPercent","os","tag_name","size","val"
"1","cassandra","cassandra",98.2414,7471574,2.7842,"debian","latest",132875944,1
"2","java","java",98.9057,9049449,1.7399,"debian","latest",243383959,1
"3","java","java",99.9456,96523,0.0689,"alpine","alpine",51674253,1
"4","mongo","mongo",98.6546,6578732,2.0384,"ubuntu","latest",163992704,1
"5","mysql","mysql",98.5693,8332617,2.0328,"debian","latest",136675781,1
"6","nginx","nginx",98.4295,3646507,6.3431,"debian","latest",50974777,1
"7","nginx","nginx",98.9546,251122,1.5477,"alpine","alpine",8885488,1
"8","3bagels/nginx","nginx",95.9248,1429106,10.0858,"alpine","latest",7882115,1
"9","3stadt/mysql","mysql",98.3254,8458626,3.1006,"debian","latest",135339757,1
"10","aaditiphadtare/cassandra","cassandra",75.7928,136455417,27.6884,"centos","latest",190467894,1
"11","aakashkt/cassandra","cassandra",90.5148,105263026,15.9913,"ubuntu","latest",376749425,1
"12","aallam/mysql","mysql",99.2793,3774556,2.2886,"debian","latest",90775517,1
"13","abema/mongodb","mongo",91.0422,39420846,12.8203,"ubuntu","latest",167910001,1
"14","abema/nginx","nginx",99.849,53928,0.2948,"alpine","latest",8264103,1
"15","actionspec/nginx","nginx",98.4253,3646461,6.3811,"debian","latest",50854531,1
"16","activeeon/cassandra","cassandra",98.2415,7462559,2.7843,"debian","latest",132626974,1
"17","ad681s/cassandra","cassandra",98.4179,8104922,3.0914,"debian","latest",165262899,1
"18","adamalex/cassandra","cassandra",95.2716,42630010,5.6557,"ubuntu","latest",324575546,1
"19","adambrown/java","java",94.4403,35464298,9.9174,"ubuntu","latest",0,1
"20","adinstruments/mongo","mongo",98.9383,4541699,2.0192,"debian","latest",104458488,1
"21","adiwitcoth/nginx","nginx",97.9776,482529,2.8168,"alpine","latest",10124864,1
"22","admatic/cassandra","cassandra",98.1857,7541142,2.8668,"debian","latest",128102978,1
"23","adriftdev/mongodb","mongo",99.2997,4604000,2.7312,"raspbian","latest",168870353,1
"24","advice/mongodb","mongo",95.8603,33918743,6.4604,"ubuntu","latest",276222288,1
"25","aerth/mysql","mysql",94.6443,27232658,9.5842,"ubuntu","latest",117301759,1
"26","afoard/mongo","mongo",92.4854,48017188,9.3503,"ubuntu","latest",167276616,1
"27","agaveapi/mongodb","mongo",95.2614,24420222,7.7553,"ubuntu","latest",203688994,1
"28","ahmadiq/java","java",94.9382,34404524,5.7181,"ubuntu","latest",255864746,1
"29","ahmet2mir/mysql","mysql",96.8995,14686939,8.3185,"debian","latest",85675919,1
"30","aimakun/mysql","mysql",99.3316,3680580,1.848,"debian","latest",111174461,1
"31","airdock/mongodb","mongo",98.653,6393520,3.0222,"debian","latest",131767270,1
"32","airhacks/java","java",95.0391,39242108,19.2607,"centos","latest",140961207,1
"33","ajnouri/nginx","nginx",84.1109,57295147,17.1147,"ubuntu","latest",132933462,1
"34","akaillidan/mongodb","mongo",98.8405,5676129,2.5635,"debian","latest",102671702,1
"35","akhs/cassandra","cassandra",98.9181,15151024,1.7929,"debian","latest",352487271,1
"36","akilli/nginx","nginx",99.1552,138670,1.7198,"alpine","latest",5720390,1
"37","aku1/mysql","mysql",97.7916,14882255,5.6331,"debian","latest",132953180,1
"38","aku1/nginx","nginx",97.2065,13198087,10.91,"debian","latest",95315912,1
"39","alang/nginx","nginx",98.2051,3585412,6.6629,"debian","latest",44670772,1
"40","aleksandrovd/mongo","mongo",99.1296,3580929,2.0374,"debian","latest",95468146,1
"41","alexcheng/cassandra","cassandra",98.2363,7461487,2.7844,"debian","latest",132580111,1
"42","alexlukichev/cassandra","cassandra",99.2095,4456873,1.8514,"debian","latest",174065900,1
"43","aliem/java","java",99.6275,698384,0.6707,"alpine","latest",43000984,1
"44","almasry/mongodb","mongo",98.7141,6887816,2.4551,"debian","latest",152922341,1
"45","almundo/java","java",97.7801,18780978,3.5551,"debian","latest",247413462,1
"46","amazeeio/mongo","mongo",99.9805,56034,0.034,"alpine","latest",69464541,1
"47","amd64/cassandra","cassandra",98.2414,7471574,2.7842,"debian","latest",132875944,1
"48","amd64/mongo","mongo",98.6546,6578732,2.0384,"ubuntu","latest",147656531,1
"49","amd64/mysql","mysql",98.5693,8332617,2.0328,"debian","latest",136675781,1
"50","amd64/nginx","nginx",98.4295,3646507,6.3431,"debian","latest",50974777,1
"51","aminjam/mongodb","mongo",99.2114,4138114,1.1696,"debian","latest",145013765,1
"52","an0t8/nginx","nginx",94.5902,10051671,12.9459,"debian","latest",59854610,1
"53","angrimoz/mongodb","mongo",92.0771,33528734,11.2993,"ubuntu","latest",153979178,1
"54","anthonyamanse/cassandra","cassandra",98.3147,7912518,3.1325,"debian","latest",176424521,1
"55","anvilresearch/nginx","nginx",99.3522,80675,5.4619,"alpine","latest",3081731,1
"56","aolins/cassandra","cassandra",96.1462,17335586,7.2262,"debian","latest",178945578,1
"57","apifocal/java","java",92.816,38385822,9.7561,"ubuntu","latest",187534424,1
"58","aplimouzin/mongodb","mongo",97.1662,12064679,7.5905,"raspbian","latest",136713447,1
"59","appertly/nginx","nginx",96.8938,5719089,7.8118,"debian","latest",58159868,1
"60","apporbit/mysql","mysql",97.9783,13407131,5.8275,"debian","latest",117116717,1
"61","appsdeck/mongo","mongo",90.5875,40280584,13.7852,"ubuntu","latest",156623710,1
"62","appsdeck/mysql","mysql",97.9159,20551314,5.0444,"ubuntu","latest",188704076,1
"63","apptechdev/mysql","mysql",98.5075,8295631,2.13,"debian","latest",127029714,1
"64","aptible/mongodb","mongo",98.5205,7771897,2.5017,"debian","latest",153248487,1
"65","aptible/mysql","mysql",99.2574,6907643,1.1468,"debian","latest",178531089,1
"66","aquaomri/nginx","nginx",98.2575,3500194,6.7017,"debian","latest",44039806,1
"67","architek/nginx","nginx",96.3906,5746109,10.2555,"debian","latest",45295150,1
"68","ardeveloppement/nginx","nginx",98.9603,4010303,4.6288,"debian","latest",88825993,1
"69","argussecurity/cassandra","cassandra",98.6997,9678885,2.0146,"debian","latest",268185368,1
"70","arhea/cassandra","cassandra",97.7452,9775811,3.2567,"debian","latest",149484012,1
"71","arifuse/mongo","mongo",90.5624,44464713,13.3882,"ubuntu","latest",176693883,1
"72","arm64v8/cassandra","cassandra",98.043,7494988,3.105,"debian","latest",122371125,1
"73","arm64v8/nginx","nginx",98.3424,3648127,6.4367,"debian","latest",49672409,1
"74","artemeff/cassandra","cassandra",98.4269,7958046,3.0384,"debian","latest",165139261,1
"75","arvatolille/nginx","nginx",98.2131,3984095,5.5919,"debian","latest",57380238,1
"76","ascendhit/mysql","mysql",98.8494,5276160,2.5894,"debian","latest",112560464,1
"77","asekuro/mysql","mysql",79.6789,196484934,23.9471,"ubuntu","latest",332218365,1
"78","aspvr/mysql","mysql",94.6565,27235297,9.5477,"ubuntu","latest",117556733,1
"79","associated/mysql","mysql",99.0041,5282098,2.085,"debian","latest",129057060,1
"80","asterios/mysql","mysql",97.3004,11051821,3.7802,"debian","latest",121743283,1
"81","asteris/java","java",97.5554,23895735,4.67,"centos","latest",176747295,1
"82","asux/nginx","nginx",98.1939,3601245,6.7105,"debian","latest",44600678,1
"83","atlo/mysql","mysql",98.3533,5656487,3.066,"debian","latest",92172751,1
"84","audris/cassandra","cassandra",98.9755,9813338,1.5382,"debian","latest",329789723,1
"85","austburn/cassandra","cassandra",98.8215,5999298,2.3826,"debian","latest",177350961,1
"86","ausybe/mysql","mysql",98.4767,8301231,2.187,"debian","latest",151941822,1
"87","autopilotpattern/mysql","mysql",95.5703,37601250,10.2016,"debian","latest",169642461,1
"88","autopilotpattern/nginx","nginx",97.7271,5854750,4.6796,"debian","latest",67671130,1
"89","avizia/cassandra","cassandra",96.5532,75051223,5.882,"ubuntu","latest",793959643,1
"90","azukiapp/mysql","mysql",99.389,3725352,1.5872,"debian","latest",123010837,1
"91","babim/mongodb","mongo",89.4462,40645905,12.9413,"debian","latest",144478473,1
"92","babim/nginx","nginx",77.5574,65128142,29.9771,"ubuntu","latest",124298795,1
"93","baffledbear/nginx","nginx",97.8834,16654117,2.8956,"debian","latest",273859668,1
"94","bamx/nginx","nginx",88.2863,5509564,27.8232,"alpine","latest",11231755,1
"95","baricio/mysql","mysql",99.2341,4002529,2.0018,"debian","latest",111416905,1
"96","bartbons/mysql","mysql",98.4827,8300761,2.1772,"debian","latest",150505537,1
"97","bask02451/nginx","nginx",91.2972,52259924,25.5979,"centos","latest",143241710,1
"98","bastion/mysql","mysql",99.7679,437859,0.255,"alpine","latest",53085786,1
"99","bayraktar/cassandra","cassandra",98.4437,7894258,3.0134,"debian","latest",165237541,1
"100","bde2020/cassandra","cassandra",98.7885,6077408,2.4652,"debian","latest",172565303,1
"101","bearstech/java","java",99.3455,4833528,2.2733,"debian","latest",156268085,1
"102","bearstech/nginx","nginx",98.8133,4449917,105.0498,"debian","latest",80822596,1
"103","beevelop/java","java",93.4224,34180176,9.5883,"ubuntu","latest",174495859,1
"104","benclarkwood/cassandra","cassandra",98.2184,9398671,3.1527,"debian","latest",182261625,1
"105","besthappy/nginx","nginx",98.9341,253062,1.5905,"alpine","latest",8773771,1
"106","bfranzen1/mysql","mysql",98.6045,8314353,1.9717,"debian","latest",136049482,1
"107","bholt/cassandra","cassandra",91.74,248923851,17.5134,"debian","latest",663078093,1
"108","bibbox/java","java",99.7527,3361559,0.5242,"debian","latest",457666587,1
"109","bigcheng/mysql","mysql",81.7106,173371894,38.4546,"ubuntu","latest",130634006,1
"110","bigm/mongodb","mongo",85.9711,122094707,28.6364,"ubuntu","latest",188966307,1
"111","bigtruedata/java","java",98.5259,6597294,3.5061,"debian","latest",124221380,1
"112","bigvikinggames/java","java",91.1249,41630277,22.4076,"ubuntu","latest",133791687,1
"113","binsix/mongodb","mongo",70.4278,441209442,53.5841,"centos","latest",375454834,1
"114","bitwarden/nginx","nginx",97.5989,4925028,7.7495,"debian","latest",53343507,1
"115","blacklabelops/nginx","nginx",97.8529,1106230,2.4026,"alpine","latest",18905845,1
"116","blburns/mongo","mongo",99.247,4496405,1.6103,"debian","latest",131420153,1
"117","blkpark/mongodb","mongo",99.2702,4472661,1.5408,"debian","latest",132359964,1
"118","blkpark/mysql","mysql",98.2896,7669718,3.4935,"debian","latest",112878106,1
"119","bluemeric/cassandra","cassandra",88.7852,147601921,14.548,"ubuntu","latest",404087183,1
"120","bnusunny/nginx","nginx",98.2009,3598819,6.6687,"debian","latest",44758379,1
"121","boomtownroi/nginx","nginx",61.9457,147724383,81.6529,"ubuntu","latest",128462074,1
"122","bowery/java","java",89.8895,233158174,18.0233,"ubuntu","latest",713885523,1
"123","bowery/mongo","mongo",100,0,0,"ubuntu","latest",190900239,1
"124","bradegler/mongodb","mongo",95.2798,49441802,5.4616,"ubuntu","latest",364977075,1
"125","brianmorgan/nginx","nginx",87.0211,29400993,31.704,"ubuntu","latest",81933647,1
"126","brickr/mongodb","mongo",99.6425,635398,0.381,"alpine","latest",74767056,1
"127","bridg/java","java",96.1167,28188985,4.9181,"ubuntu","latest",424321510,1
"128","brunohenrique/mongodb","mongo",93.4946,24512055,6.6667,"ubuntu","latest",138461522,1
"129","brzda/mysql","mysql",98.5074,8296245,2.1301,"debian","latest",127030237,1
"130","buddy/mongo","mongo",98.9518,4489123,1.9672,"debian","latest",106181845,1
"131","buddy/mysql","mysql",98.5821,6793438,3.0981,"debian","latest",119807290,1
"132","bzohdy/java","java",99.8146,248997,0.2059,"alpine","latest",84129778,1
"133","c4tech/nginx","nginx",98.1942,3600107,6.7083,"debian","latest",44601290,1
"134","calliope/cassandra","cassandra",87.1242,174903394,22.7609,"ubuntu","latest",393717369,1
"135","calliopedevelopers/cassandra","cassandra",87.1242,174903394,22.7609,"ubuntu","latest",393717369,1
"136","camdenx/java","java",92.9595,72685915,13.4133,"ubuntu","latest",276179793,1
"137","cameronmalek/nginx","nginx",99.7624,157043,0.2916,"alpine","latest",18165731,1
"138","cannin/mongodb","mongo",93.8751,40192520,11.8942,"ubuntu","latest",182008192,1
"139","canopytax/java","java",98.8167,14818832,1.5239,"debian","latest",534477771,1
"140","capaldijo/mysql","mysql",99.287,3896334,2.3617,"debian","latest",91962162,1
"141","caperneoignis/mysql","mysql",98.2877,7686785,3.5075,"debian","latest",112876405,1
"142","caseblocks/mongodb","mongo",93.7316,24536225,12.7333,"ubuntu","latest",142421793,1
"143","castelislogice/mysql","mysql",98.5821,6055957,3.4635,"debian","latest",104844483,1
"144","catapulte/mongodb","mongo",99.0621,5297188,1.8992,"debian","latest",150384108,1
"145","cburki/mongodb","mongo",99.544,3554130,1.1066,"debian","latest",174150903,1
"146","ccistaging/mongo","mongo",98.5679,6580212,2.1973,"ubuntu","latest",147285849,1
"147","ccistaging/mysql","mysql",98.5411,8333078,2.0784,"debian","latest",134027199,1
"148","cdrocker/nginx","nginx",96.3423,7996695,7.5313,"alpine","latest",53146588,1
"149","centerx/nginx","nginx",98.4119,3685798,6.4926,"debian","latest",50696252,1
"150","century/mongodb","mongo",86.8118,22597498,23.1327,"alpine","latest",44864531,1
"151","centurylink/mysql","mysql",92.5551,27205837,18.0382,"ubuntu","latest",115600001,1
"152","chregu/mysql","mysql",73.2286,243417959,70.8693,"ubuntu","latest",173071221,1
"153","chrisgarrett/mongo","mongo",99.8212,637373,0.2784,"alpine","latest",81494431,1
"154","chrishawkins/cassandra","cassandra",94.6045,72390457,10.2103,"ubuntu","latest",527002422,1
"155","christobill/cassandra","cassandra",91.6077,94238801,14.6411,"ubuntu","latest",477572828,1
"156","chromapdx/mongo","mongo",96.3346,13927223,5.5444,"debian","latest",112563834,1
"157","chromko/mongodb","mongo",90.7116,33863093,14.2186,"ubuntu","latest",120615279,1
"158","circleci/java","java",85.1398,206808257,18.7456,"debian","latest",691471956,1
"159","circleci/mongo","mongo",98.6546,6578732,2.0384,"ubuntu","latest",147656531,1
"160","circleci/mysql","mysql",98.569,8333966,2.0331,"debian","latest",136676708,1
"162","citizensadvice/mysql","mysql",98.2272,8276198,2.6026,"debian","latest",124108168,1
"163","cityofsurrey/java","java",99.7284,590631,0.286,"alpine","latest",156332811,1
"164","cityofsurrey/nginx","nginx",99.7078,65003,0.5635,"alpine","latest",6751401,1
"165","claydonkey/mysql","mysql",98.8052,6450293,2.5282,"debian","latest",0,1
"166","cloneme/nginx","nginx",99.2206,3991945,2.0434,"debian","latest",132812866,1
"167","cloudawan/cassandra","cassandra",94.4197,30705658,9.6437,"ubuntu","latest",232536135,1
"168","cloudboost/mongo","mongo",98.478,6442735,2.902,"debian","latest",104896080,1
"169","cloudposse/mysql","mysql",98.2393,8639046,2.5338,"debian","latest",138513177,1
"170","cloudr/mysql","mysql",99.0749,5421598,1.8378,"debian","latest",149671103,1
"171","cmptstks/nginx","nginx",98.1727,3979793,6.8858,"debian","latest",44600632,1
"172","cobiro/nginx","nginx",99.5794,61239,2.1525,"alpine","latest",4048026,1
"173","coco/mongodb","mongo",99.1132,3580929,2.0951,"debian","latest",94269873,1
"174","codemonkeyai/cassandra","cassandra",98.4024,8047271,3.07,"debian","latest",165291364,1
"175","codenvy/mysql","mysql",99.0164,5305114,2.0451,"debian","latest",131284530,1
"176","codingtony/java","java",90.8967,104043252,13.8673,"ubuntu","latest",408596550,1
"177","cogentwebs/mongodb","mongo",98.3415,2182035,1.7398,"alpine","latest",54839840,1
"178","coinpit/cassandra","cassandra",99.3194,4154929,1.6456,"debian","latest",155526241,1
"179","commandeonline/mongo","mongo",98.9527,4441994,1.9753,"debian","latest",104449097,1
"180","committed/java","java",99.5794,3396893,1.0102,"debian","latest",181808386,1
"181","concreteplatform/java","java",98.6856,10343424,1.9158,"debian","latest",231654651,1
"182","conube/mongodb","mongo",99.9468,79378,0.1069,"alpine","latest",31865978,1
"183","convox/mysql","mysql",98.3659,5511537,2.7604,"alpine","latest",61354938,1
"184","conyac/mysql","mysql",82.8448,156058493,17.9692,"ubuntu","latest",277157037,1
"185","corpusops/mongo","mongo",98.3753,9407546,2.186,"ubuntu","latest",194128905,1
"186","covex/mysql","mysql",98.5512,7724560,2.7241,"debian","latest",143613551,1
"187","cpuguy83/mongodb","mongo",85.7578,118951660,30.7062,"ubuntu","latest",249770818,1
"188","criblesoftware/cassandra","cassandra",98.7993,6727996,2.2313,"debian","latest",182387391,1
"189","crossvale/cassandra","cassandra",98.6491,7116525,2.706,"debian","latest",165364654,1
"190","crunding/mysql","mysql",99.377,3814863,1.6365,"debian","latest",122566240,1
"191","cs50/mysql","mysql",98.0917,7447849,3.014,"debian","latest",102683711,1
"192","cxdstepbystep/nginx","nginx",98.4193,3645817,6.4361,"debian","latest",50633761,1
"193","cyberdojofoundation/java","java",99.3396,799557,0.7147,"alpine","latest",77178236,1
"194","d0dic/mysql","mysql",76.8611,121706589,53.9658,"ubuntu","latest",119867673,1
"195","dabansal/cassandra","cassandra",98.2427,7436200,2.7778,"debian","latest",132501846,1
"196","dabsquared/nginx","nginx",98.6592,347534,1.7442,"alpine","latest",10796897,1
"197","damiang/nginx","nginx",98.1897,3602666,6.74,"debian","latest",44519675,1
"198","danmactough/mysql","mysql",99.3959,3717663,1.5742,"debian","latest",123592792,1
"199","darron/nginx","nginx",100,0,0,"ubuntu","latest",307957730,1
"200","darthjson/mysql","mysql",76.4044,99939970,46.6178,"ubuntu","latest",106127196,1
"201","darwin4322/mysql","mysql",94.227,32825582,17.9236,"centos","latest",123787090,1
"202","databench/cassandra","cassandra",98.8408,7964996,1.9921,"debian","latest",199379036,1
"203","datajoint/mysql","mysql",98.3012,8280988,2.476,"debian","latest",136702341,1
"204","datasolvr/cassandra","cassandra",98.8253,6057432,2.3842,"debian","latest",156794044,1
"205","datawiseio/cassandra","cassandra",99.3536,3898811,1.7078,"debian","latest",165882344,1
"206","datenbetrieb/nginx","nginx",98.2548,6817037,4.4506,"debian","latest",116889478,1
"207","davidrueda/cassandra","cassandra",40.4529,1100377054,71.2452,"centos","latest",672524202,1
"208","davidtp1/mongo","mongo",98.9971,4494135,1.8565,"debian","latest",112612372,1
"209","davinbao/java","java",99.9456,96637,0.0689,"alpine","latest",51674663,1
"210","davinbao/nginx","nginx",99.3378,140914,1.017,"alpine","latest",8168473,1
"211","decipherx/mysql","mysql",92.7178,50530799,15.6143,"ubuntu","latest",143483308,1
"212","deeky666/mysql","mysql",94.8471,32098629,6.7824,"ubuntu","latest",189166872,1
"213","deizel/mysql","mysql",99.3991,3674792,1.5625,"debian","latest",123143029,1
"214","dell/mongodb","mongo",92.409,45469077,11.2869,"ubuntu","latest",173126201,1
"215","delopes/mongo","mongo",91.0837,35419872,13.2992,"ubuntu","latest",134183905,1
"216","denvazh/java","java",99.8192,219831,0.2053,"alpine","latest",43384166,1
"217","derdiedasjojo/mongodb","mongo",96.3069,14398663,5.51,"debian","latest",121607063,1
"218","desertbit/nginx","nginx",98.1941,3600913,6.7095,"debian","latest",44602572,1
"219","devbeta/mysql","mysql",74.6785,816742469,37.9581,"centos","latest",689779801,1
"220","devcamaws/cassandra","cassandra",98.243,7436486,2.7771,"debian","latest",132539124,1
"221","devdrops/nginx","nginx",84.1333,30178099,53.1075,"ubuntu","latest",73375190,1
"222","devmtl/mysql","mysql",96.8697,14737512,5.1439,"debian","latest",137897558,1
"223","devries/nginx","nginx",85.6935,38428604,27.2462,"ubuntu","latest",105129744,1
"224","dexec/java","java",99.7292,3498003,0.5835,"debian","latest",432222132,1
"225","dhrp/mysql","mysql",100,0,0,"ubuntu","latest",154047837,1
"226","dictcp/cassandra","cassandra",97.3867,28923550,5.0817,"centos","latest",266963773,1
"227","dillonlin/cassandra","cassandra",99.041,7401883,1.3874,"debian","latest",201844459,1
"228","dnioqfp/cassandra","cassandra",98.7483,7248712,2.1574,"debian","latest",156606417,1
"229","dockenizer/mysql","mysql",99.7112,530455,0.309,"alpine","latest",54474299,1
"230","dockerautomation1/mongo","mongo",99.1194,3580929,2.0728,"debian","latest",95237267,1
"231","dockerframework/mongodb","mongo",91.3999,34073600,12.8102,"ubuntu","latest",133907172,1
"232","dockerize/mongodb","mongo",90.1665,114344501,15.0481,"ubuntu","latest",272856530,1
"233","dockerizedrupal/mysql","mysql",98.5039,8677851,2.4692,"debian","latest",166356601,1
"234","dockershelf/mongo","mongo",99.5522,3502009,1.1743,"debian","latest",150846694,1
"235","dockette/nginx","nginx",98.4542,4327344,6.0839,"debian","latest",77329048,1
"236","docksal/mysql","mysql",97.7443,7458955,3.7145,"debian","latest",82710272,1
"237","dokie/cassandra","cassandra",97.9089,23603465,4.0424,"centos","latest",272212558,1
"238","dperson/nginx","nginx",93.5828,2155153,14.9879,"alpine","latest",8254927,1
"239","dqneo/mysql","mysql",98.7346,6649162,2.3529,"debian","latest",140187147,1
"240","dreamlike/cassandra","cassandra",98.646,7133537,2.7209,"debian","latest",164961850,1
"241","dreamquark/mongo","mongo",90.7737,39577142,13.5247,"ubuntu","latest",152879641,1
"242","drone32bit/mysql","mysql",99.2023,3590822,2.3556,"ubuntu","latest",69959873,1
"243","drupaldocker/mysql","mysql",98.22,8296435,2.6199,"debian","latest",123845632,1
"244","dslabhhn/cassandra","cassandra",98.8393,6044825,2.3239,"debian","latest",161769597,1
"245","duruo850/mysql","mysql",87.8365,51301938,26.533,"ubuntu","latest",126341020,1
"246","dvukolov/mongo","mongo",98.0273,9315843,2.7518,"ubuntu","latest",160079139,1
"247","dwolla/java","java",99.5933,407753,0.4971,"alpine","latest",57827283,1
"248","e96tech/mongo","mongo",98.9228,6479409,1.8125,"debian","latest",156183068,1
"249","edel/mysql","mysql",100,0,NA,"alpine","latest",18797980,1
"250","edisonchat/mongodb","mongo",93.5304,26444343,8.7565,"debian","latest",151790825,1
"251","edvisor/nginx","nginx",99.7679,56339,0.4882,"alpine","latest",6751000,1
"252","edxops/mongo","mongo",89.5429,144401657,19.2857,"ubuntu","latest",407393678,1
"253","edyan/nginx","nginx",97.9505,2627908,5.1645,"debian","latest",48531926,1
"254","egofelix/nginx","nginx",99.5281,57965,3.6371,"alpine","latest",3462692,1
"255","egovio/nginx","nginx",99.0379,207268,1.3568,"alpine","latest",8854950,1
"256","ehage/mongodb","mongo",92.454,30035877,11.637,"ubuntu","latest",151571925,1
"257","eliocity/cassandra","cassandra",98.7455,6819855,2.6222,"debian","latest",161297100,1
"258","eltscheminov/mongodb","mongo",96.7594,24538805,4.4698,"ubuntu","latest",151124399,1
"259","emdzej/mysql","mysql",99.8937,176748,0.124,"alpine","latest",43625847,1
"260","enas/mongo","mongo",98.7995,6186847,2.1572,"debian","latest",130529005,1
"261","endgame/cassandra","cassandra",95.2713,42636751,5.6568,"ubuntu","latest",324772368,1
"262","endika/mongodb","mongo",90.6608,68903864,16.1962,"ubuntu","latest",240246863,1
"263","endocode/cassandra","cassandra",81.453,219981890,26.2197,"ubuntu","latest",404240830,1
"264","endrjuskr/mysql","mysql",82.8886,56665729,43.4818,"ubuntu","latest",94984678,1
"265","engines/mysql","mysql",65.6748,329974628,79.4879,"ubuntu","latest",235186196,1
"266","engines/nginx","nginx",58.3187,326992481,111.0613,"ubuntu","latest",210224022,1
"267","enriquetaso/cassandra","cassandra",87.6718,138924320,19.7589,"ubuntu","latest",409936836,1
"268","epenia/cassandra","cassandra",98.8201,6006025,2.3852,"debian","latest",177349491,1
"269","epicsoft/nginx","nginx",98.0168,493991,2.7652,"alpine","latest",9411409,1
"270","erasmolpa/mongo","mongo",99.004,4406791,1.8941,"debian","latest",108786057,1
"271","ericmann/java","java",99.8602,225723,0.1568,"alpine","latest",53347736,1
"272","eswork/nginx","nginx",99.8069,140387,0.2494,"alpine","latest",20599252,1
"273","esycat/java","java",97.3545,32101397,3.0575,"ubuntu","latest",796798849,1
"274","ethanheadspace/mysql","mysql",98.2514,6927727,3.9404,"debian","latest",105001243,1
"275","evap/mongo","mongo",96.8444,8942393,6.508,"alpine","latest",57145246,1
"276","evgenyg/java","java",90.6774,108632608,14.9416,"ubuntu","latest",315383065,1
"277","evilroot/nginx","nginx",97.5853,6578264,4.9446,"alpine","latest",78783156,1
"278","evoman91/mongodb","mongo",99.5865,3460031,1.0111,"debian","latest",162383631,1
"279","evpsradiology/nginx","nginx",98.841,564033,1.3726,"alpine","latest",17440944,1
"280","exadra37/nginx","nginx",98.1934,3601865,6.7116,"debian","latest",44600942,1
"281","exasoft/mysql","mysql",87.2086,156703806,19.8005,"ubuntu","latest",279503934,1
"282","excellalabs/mongo","mongo",98.5719,6580232,2.1899,"ubuntu","latest",147656346,1
"283","extendedmind/nginx","nginx",98.9653,3420925,5.8696,"debian","latest",71413603,1
"284","extremeshok/nginx","nginx",63.9556,84984230,55.0299,"debian","latest",100436041,1
"285","eyague/mongodb","mongo",92.1459,31285744,12.1121,"ubuntu","latest",152180260,1
"286","fabianschwarzfritz/mongodb","mongo",90.9733,53508768,14.7105,"ubuntu","latest",217235525,1
"287","fabiomendescom/cassandra","cassandra",99.2128,4577711,1.8434,"debian","latest",179829337,1
"288","fabric8/java","java",94.7032,41890400,9.138,"centos","latest",161501016,1
"289","falinux/mongodb","mongo",97.807,23018364,2.6935,"debian","latest",390960484,1
"290","faofenix/java","java",91.4657,75752772,10.6536,"ubuntu","latest",482662069,1
"291","fastwhitecat/nginx","nginx",98.4722,4613771,5.8175,"debian","latest",87789620,1
"292","felixsanz/mongo","mongo",99.9744,54770,0.042,"alpine","latest",53878451,1
"293","fermayo/mongodb","mongo",100,0,0,"ubuntu","latest",151730412,1
"294","ferry/mongodb","mongo",91.1874,85949892,11.7713,"ubuntu","latest",300442872,1
"295","fgaudin/nginx","nginx",88.8974,58781984,15.4313,"ubuntu","latest",149695190,1
"296","finboxio/mongo","mongo",98.225,8847741,3.0548,"debian","latest",148220941,1
"297","firethorn/java","java",80.3269,262126700,38.5017,"fedora","latest",423147406,1
"298","fisbo/mysql","mysql",98.4973,7812792,2.7551,"debian","latest",140477533,1
"299","fleettracker/mongodb","mongo",92.3364,18863590,12.2949,"alpine","latest",60992069,1
"300","floulab/mysql","mysql",97.976,11550391,2.6646,"debian","latest",138306939,1
"301","flowman/nginx","nginx",98.9199,215603,1.7823,"alpine","latest",7795346,1
"302","flowmoco/mysql","mysql",98.3037,10352455,2.2639,"debian","latest",154966327,1
"303","flux7labs/cassandra","cassandra",84.1181,163042320,19.9108,"ubuntu","latest",517576408,1
"304","folsomlabs/java","java",90.6746,37516263,23.7837,"ubuntu","latest",151575057,1
"305","forgerock/java","java",99.3998,706027,0.6453,"alpine","latest",77327431,1
"306","fox91/nginx","nginx",98.9533,3410269,5.8945,"debian","latest",71252014,1
"307","francisjgarcia/mysql","mysql",99.5979,3568392,0.9596,"debian","latest",132797497,1
"308","frederikschmidt/cassandra","cassandra",98.766,6075204,2.5178,"debian","latest",171207023,1
"309","fredrikroos/cassandra","cassandra",84.3259,246595772,28.076,"ubuntu","latest",397509183,1
"310","freenas/mysql","mysql",98.5702,7702863,2.6661,"debian","latest",144254275,1
"311","freenas/nginx","nginx",98.9522,3420113,5.8201,"debian","latest",71605546,1
"312","frekele/nginx","nginx",96.7738,15065908,10.3152,"debian","latest",103589419,1
"313","frilansfinansse/mysql","mysql",98.8546,5281523,2.59,"debian","latest",112638101,1
"314","frodenas/mongodb","mongo",89.3167,72922431,19.5187,"ubuntu","latest",222307829,1
"315","frodenas/mysql","mysql",90.866,77165308,15.4237,"ubuntu","latest",222676298,1
"316","frosenberg/cassandra","cassandra",98.7503,7234744,2.1433,"debian","latest",155844364,1
"317","fruitionsciences/java","java",99.016,79703298,1.7433,"debian","latest",1522359572,1
"318","fulbito/cassandra","cassandra",94.8789,30289813,8.5638,"ubuntu","latest",218320334,1
"319","funcy/java","java",99.5124,656853,0.9273,"alpine","latest",53855485,1
"320","fusonic/mysql","mysql",98.2199,8278849,2.6144,"debian","latest",123836741,1
"321","garlic/nginx","nginx",96.5095,13804826,17.2075,"debian","latest",89262771,1
"322","gatoralli/cassandra","cassandra",100,0,0,"ubuntu","latest",384814631,1
"323","gautam/mysql","mysql",89.8315,41033016,8.835,"ubuntu","latest",147370420,1
"324","gazpowell/mongodb","mongo",89.4711,43421473,7.6199,"ubuntu","latest",205641064,1
"325","gcarre/java","java",99.7058,2661714,0.653,"debian","latest",236383733,1
"326","gears/mongodb","mongo",99.927,212988,0.0837,"alpine","latest",98398788,1
"327","gebele/mongodb","mongo",99.9741,60200,0.0419,"alpine","latest",66059757,1
"328","gebizar/mysql","mysql",98.6278,8306026,1.9352,"debian","latest",137705106,1
"329","genebarker/java","java",99.2248,4011390,2.4203,"debian","latest",125566724,1
"330","gennitor/cassandra","cassandra",92.5419,30249196,17.466,"ubuntu","latest",158694944,1
"331","gerbermichi/cassandra","cassandra",98.8393,6044825,2.3239,"debian","latest",161769211,1
"332","geru/mongodb","mongo",98.7825,6169618,2.1902,"debian","latest",132105105,1
"333","geschke/mongodb","mongo",99.4149,3621370,1.5617,"debian","latest",122807691,1
"334","getteaminsight/mongodb","mongo",95.9517,47361879,12.1263,"centos","latest",210651775,1
"335","getuojian/mysql","mysql",98.7203,6777086,2.6529,"debian","latest",129334521,1
"336","gewo/mongodb","mongo",91.7939,65401402,18.0085,"ubuntu","latest",200256619,1
"337","ginolegaltechparis/nginx","nginx",96.9674,5811868,8.8965,"debian","latest",53975082,1
"338","girish/mysql","mysql",87.9401,137732629,15.1909,"ubuntu","latest",348564120,1
"339","gisecaromartinez/cassandra","cassandra",98.2431,7441028,2.7756,"debian","latest",132733107,1
"340","gjchen/nginx","nginx",93.0906,1923011,16.5947,"alpine","latest",6804047,1
"341","glorpen/nginx","nginx",98.9445,1517001,1.321,"alpine","latest",38635466,1
"342","glot/java","java",98.6054,12684074,2.4218,"debian","latest",244653970,1
"343","google/mysql","mysql",95.1505,22862123,8.4032,"debian","latest",96687899,1
"344","gorillajs/mysql","mysql",90.1558,78336807,22.828,"ubuntu","latest",210511897,1
"345","goyalkaruna03/mongodb","mongo",94.3227,24560243,10.4952,"ubuntu","latest",157398905,1
"346","gpdowning/java","java",98.9328,12886359,1.4108,"debian","latest",536899754,1
"347","grapeupci/java","java",97.5047,15478894,3.1297,"ubuntu","latest",227330249,1
"348","graviteeio/java","java",99.7246,256550,0.3156,"alpine","latest",58746934,1
"349","greatfox/mysql","mysql",79.9787,116419916,53.001,"ubuntu","latest",139163543,1
"350","gregbk/nginx","nginx",98.9621,3399035,5.7854,"debian","latest",71599910,1
"351","gridium/nginx","nginx",98.2007,3597369,6.6711,"debian","latest",44726168,1
"352","gristoi/mysql","mysql",93.7722,34901126,7.4809,"ubuntu","latest",0,1
"353","gsong/nginx","nginx",98.9404,255057,1.5731,"alpine","latest",8664810,1
"354","guesttoguest/mongodb","mongo",99.1966,4023180,2.2687,"debian","latest",110164576,1
"355","guesttoguest/nginx","nginx",98.7932,3837297,5.8402,"debian","latest",74884909,1
"356","haroungzh/mysql","mysql",98.4988,8309268,2.1431,"debian","latest",129391993,1
"357","hasnimehdi2020/mongo","mongo",98.5679,6580212,2.1973,"ubuntu","latest",147286427,1
"358","hawkularqe/cassandra","cassandra",98.8393,6044825,2.3239,"debian","latest",161769904,1
"359","healthcheck/mongo","mongo",98.6546,6578732,2.0384,"ubuntu","latest",147656869,1
"360","healthcheck/mysql","mysql",98.5693,8332617,2.0328,"debian","latest",136676439,1
"361","heathrow/mysql","mysql",97.5751,10989511,3.335,"debian","latest",129579917,1
"362","heroku/java","java",95.6041,123923595,9.0287,"ubuntu","latest",562733518,1
"363","hibu/mongodb","mongo",96.1275,42565671,7.7449,"centos","latest",201391123,1
"364","hleon256/nginx","nginx",98.9675,3421671,5.8248,"debian","latest",71751464,1
"365","home1oss/mysql","mysql",93.7013,32866366,63.198,"debian","latest",107442186,1
"366","honux77/mysql","mysql",67.9313,438271212,61.0412,"ubuntu","latest",192628212,1
"367","hope/mongodb","mongo",99.1968,3248231,1.5068,"alpine","latest",78134171,1
"368","horx/mysql","mysql",99.2562,3378898,1.7013,"debian","latest",96856652,1
"369","hreeinfodb/mongo","mongo",99.9606,132151,0.0523,"alpine","latest",95462271,1
"370","huahaiy/cassandra","cassandra",98.114,15412239,2.0615,"debian","latest",451078668,1
"371","hubberlm/nginx","nginx",96.5651,13882419,15.4748,"debian","latest",93988817,1
"372","hubberonline/nginx","nginx",98.789,4249638,5.644,"debian","latest",87367041,1
"373","hunet/java","java",97.5187,9811220,5.1265,"debian","latest",125137321,1
"374","hybsearch/java","java",98.5613,6363919,2.4828,"debian","latest",113078121,1
"375","i386/cassandra","cassandra",98.174,7450286,2.9222,"debian","latest",132939927,1
"376","i386/java","java",98.8599,9351863,1.8099,"debian","latest",246906325,1
"377","i386/nginx","nginx",98.4535,3643933,6.2629,"debian","latest",52272808,1
"378","iacopo/nginx","nginx",98.9843,3696186,4.0543,"debian","latest",83383299,1
"379","iadvize/nginx","nginx",99.0358,3841118,3.2743,"debian","latest",93854211,1
"380","ibmcase/mysql","mysql",98.2576,10075984,2.8923,"debian","latest",174955650,1
"381","icebear8/nginx","nginx",94.1366,3555662,12.8361,"alpine","latest",17196189,1
"382","icescrum/mysql","mysql",98.0915,7450023,3.0144,"debian","latest",102690504,1
"383","iconviet/nginx","nginx",98.9389,251122,1.5786,"alpine","latest",8771695,1
"384","idalko/java","java",92.4117,100668113,10.0458,"ubuntu","latest",559311850,1
"385","idoall/mysql","mysql",99.0494,5335396,1.9255,"debian","latest",137831953,1
"386","ignatiusyeow/cassandra","cassandra",99.1966,5078123,2.0223,"debian","latest",156092909,1
"387","ignatov/mysql","mysql",99.3956,3274065,1.2919,"debian","latest",114509774,1
"388","ikimea/nginx","nginx",97.3931,5840053,5.7047,"debian","latest",68034439,1
"389","ikoobdevops/mongodb","mongo",98.7267,6442659,2.292,"debian","latest",132394055,1
"390","ikovacevic/java","java",89.0709,77069328,14.2645,"ubuntu","latest",310243649,1
"391","ilios/mysql","mysql",98.2272,8276198,2.6026,"debian","latest",124108444,1
"392","ilios/nginx","nginx",51.897,106860571,98.7961,"alpine","latest",22670749,1
"393","imanticsiot/java","java",83.7322,147506498,21.6682,"ubuntu","latest",311174785,1
"394","imolko/mongo","mongo",98.2557,8221884,2.8412,"debian","latest",135328815,1
"395","imolko/mongodb","mongo",97.8194,6646505,3.4482,"debian","latest",87728061,1
"396","incodehq/java","java",99.9206,77837,0.1103,"alpine","latest",53726783,1
"397","infomir/nginx","nginx",97.2582,6190372,6.6367,"debian","latest",61237461,1
"398","infrascloudy/mongo","mongo",89.3323,68612652,20.6443,"ubuntu","latest",185463894,1
"399","innolend/nginx","nginx",99.0798,146904,1.7297,"alpine","latest",5868325,1
"400","integrisio/cassandra","cassandra",98.1877,9497161,3.5811,"debian","latest",165451182,1
"401","iottech/cassandra","cassandra",96.227,30752463,7.1195,"centos","latest",160952381,1
"402","ip2location/mysql","mysql",99.5371,3637479,0.968,"debian","latest",109964128,1
"403","ipunktbs/nginx","nginx",94.7377,24880794,12.2831,"debian","latest",88592744,1
"404","iron/java","java",96.9173,6446455,6.3853,"alpine","latest",41464324,1
"405","irraz/mysql","mysql",90.0002,60794474,19.4646,"debian","latest",98390731,1
"406","isaldarriaga/cassandra","cassandra",87.0859,138493970,21.036,"ubuntu","latest",382535067,1
"407","isom/mysqldb","mysql",93.3123,38083804,11.8081,"ubuntu","latest",144760249,1
"408","itiqiti/mongodb","mongo",98.8968,6007398,2.0201,"debian","latest",144636719,1
"409","itiqiti/nginx","nginx",99.7058,78900,0.4952,"alpine","latest",8926449,1
"410","ivories/mysql","mysql",99.8895,196184,0.13,"alpine","latest",46124295,1
"411","ivories/nginx","nginx",99.3961,75491,4.7083,"alpine","latest",3436372,1
"412","iwsaas/cassandra","cassandra",98.9449,6632290,2.8896,"debian","latest",166212598,1
"413","ixbox/nginx","nginx",99.5914,44761,3.5465,"alpine","latest",2936983,1
"414","jacksoncage/mongo","mongo",82.056,188869891,31.7729,"ubuntu","latest",236455726,1
"415","java4job/java","java",98.3448,23083740,3.0875,"fedora","latest",256324224,1
"416","jbanetwork/mongodb","mongo",98.9073,5245336,2.3903,"debian","latest",123436447,1
"417","jcampan/cassandra","cassandra",99.0832,12830341,1.4765,"debian","latest",569668672,1
"418","jcdecaux/mongodb","mongo",91.3226,36401187,57.5047,"rhel","latest",92577465,1
"419","jeffutter/mongodb","mongo",95.2449,24462835,4.8684,"ubuntu","latest",202825518,1
"420","jelastic/mysql","mysql",83.4378,410755796,26.1627,"centos","latest",473025512,1
"421","jeromefitz/mongodb","mongo",93.4597,26992902,9.8126,"ubuntu","latest",151103441,1
"422","jerson/nginx","nginx",95.4519,1529076,10.5839,"alpine","latest",7399248,1
"423","jesuejunior/nginx","nginx",88.8562,24388972,96.4518,"ubuntu","latest",88867498,1
"424","jetlabs/mongodb","mongo",93.7925,24560800,12.4047,"ubuntu","latest",148912578,1
"425","jianhao/mongodb","mongo",93.4996,28575488,9.0455,"ubuntu","latest",172933520,1
"426","jimthedev/cassandra","cassandra",99.3432,4017931,1.6923,"debian","latest",170071541,1
"427","jjusianiec/cassandra","cassandra",98.2138,7548917,2.8173,"debian","latest",132339404,1
"428","jkcjkc82/mongodb","mongo",98.0065,21173299,6.3735,"centos","latest",200166096,1
"429","jkingyens/mongodb","mongo",82.2567,174967072,30.7086,"ubuntu","latest",194638720,1
"430","jkoreska/nginx","nginx",98.6232,2673150,15.8515,"debian","latest",49142357,1
"431","jkosgei/mysql","mysql",99.0155,5312132,2.0478,"debian","latest",131286599,1
"432","jmaulion/cassandra","cassandra",98.2429,7439966,2.777,"debian","latest",132623122,1
"433","johnny2015/mysql","mysql",99.9998,1872,198.5154,"debian","latest",179438388,1
"434","johnsmith0209/mysql","mysql",82.7926,110209607,24.589,"ubuntu","latest",152628282,1
"435","jojo13572001/mongodb","mongo",99.6154,2762039,1.1383,"debian","latest",153596594,1
"436","jonathans121/cassandra","cassandra",95.3655,40128709,7.3844,"ubuntu","latest",326897434,1
"437","jonbrouse/mysql","mysql",99.9441,179599,0.0644,"alpine","latest",50975217,1
"438","jooyeong/cassandra","cassandra",90.5601,46247818,11.1393,"debian","latest",164217075,1
"439","jordi/nginx","nginx",81.7013,65169848,24.6185,"ubuntu","latest",148066030,1
"440","joseenrique/cassandra","cassandra",98.6475,7116245,2.7111,"debian","latest",165239071,1
"441","josuediaz91/mongodb","mongo",84.7917,69276993,20.6793,"ubuntu","latest",176746654,1
"442","jpgriffo/java","java",99.6184,4476302,0.5886,"debian","latest",383440321,1
"443","jpkroehling/cassandra","cassandra",82.5849,135520018,43.6699,"centos","latest",205912622,1
"444","juanpedromoreno/cassandra","cassandra",73.7489,383875394,34.4976,"centos","latest",534513618,1
"445","junghoo/mysql","mysql",97.2606,27641688,3.1717,"ubuntu","latest",366957593,1
"446","jwaldrip/mysql","mysql",88.0107,85271190,20.2559,"ubuntu","latest",115927359,1
"447","k200user/mongodb","mongo",92.1158,36174666,10.9873,"ubuntu","latest",184494321,1
"448","k200user/mysql","mysql",60.5783,332767712,75.7475,"centos","latest",205498260,1
"449","kapost/mongo","mongo",98.3059,5259621,2.8404,"debian","latest",84531421,1
"450","karanp/cassandra","cassandra",98.2055,13241090,3.5601,"debian","latest",208658788,1
"451","kardasz/mongodb","mongo",99.1935,4525821,1.8176,"debian","latest",130483532,1
"452","kardasz/nginx","nginx",97.9761,4673937,14.9398,"debian","latest",71737587,1
"453","karhoo/mysql","mysql",98.2216,8273000,2.6125,"debian","latest",123835479,1
"454","karrieretutor/nginx","nginx",96.5402,7487231,10.264,"debian","latest",58209448,1
"455","karun74/mysql","mysql",99.2482,3443422,1.7396,"debian","latest",96628068,1
"456","kavlez/java","java",98.9599,9990911,1.5762,"debian","latest",328480577,1
"457","kdihalas/mongodb","mongo",100,0,0,"ubuntu","latest",195224900,1
"458","keks/mongodb","mongo",84.0331,116190436,46.0111,"ubuntu","latest",164598563,1
"459","kengsarun/mongo","mongo",98.9962,4494253,1.8588,"debian","latest",112520858,1
"460","kennship/cassandra","cassandra",72.1556,154005803,31.7391,"centos","latest",190416581,1
"461","keopx/mysql","mysql",88.1485,76016443,14.7518,"debian","latest",225847686,1
"462","keybaseprivate/mysql","mysql",98.8584,5268234,2.5856,"debian","latest",112599923,1
"463","kharmajbird/mongo","mongo",98.906,5266292,2.3998,"debian","latest",123439667,1
"464","kiddom/cassandra","cassandra",98.2023,7456983,2.8418,"debian","latest",127742514,1
"465","kirklatslalom/mysql","mysql",98.899,5146035,2.0057,"debian","latest",118773083,1
"466","kiskae/cassandra","cassandra",95.0271,27819165,6.9556,"debian","latest",189310533,1
"467","kjunine/mongodb","mongo",91.0216,74844466,13.2028,"ubuntu","latest",229293799,1
"468","kjunine/nginx","nginx",83.1881,70299136,24.3161,"ubuntu","latest",118495660,1
"469","kkalandyk/cassandra","cassandra",92.1385,105187706,11.8751,"ubuntu","latest",585570054,1
"470","klabs/mysql","mysql",97.8208,8357149,4.7163,"debian","latest",105459794,1
"471","klaemo/nginx","nginx",79.3738,69438516,23.6877,"ubuntu","latest",95305346,1
"472","klemenb/mysql","mysql",98.503,8315437,2.1356,"debian","latest",129987188,1
"473","kmurakawa/mysql","mysql",99.3885,3727188,1.5879,"debian","latest",123012466,1
"474","kobotoolbox/mongo","mongo",80.7081,298183607,39.7489,"ubuntu","latest",336555937,1
"475","kokosing/mysql","mysql",97.0694,21531552,23.6717,"oracle","latest",136110175,1
"476","kolesnikovkonstantin/cassandra","cassandra",99.3041,4682150,1.4968,"debian","latest",178624663,1
"477","konstruktoid/java","java",97.5787,13184651,3.1544,"ubuntu","latest",300632333,1
"478","konstruktoid/mongodb","mongo",88.7029,46216975,15.5484,"debian","latest",152152048,1
"479","konstruktoid/nginx","nginx",85.5229,1689565,38.937,"alpine","latest",5691051,1
"480","kreable/nginx","nginx",76.3195,138968621,57.7998,"ubuntu","latest",134992253,1
"481","kreisys/cassandra","cassandra",94.9125,49071062,6.0739,"ubuntu","latest",359195220,1
"482","krispharper/nginx","nginx",97.7044,5669973,4.7828,"debian","latest",70247841,1
"483","ksean/mysql","mysql",82.8261,64928098,18.6519,"ubuntu","latest",118370743,1
"484","kubegun/cassandra","cassandra",98.4809,7529278,3.1224,"debian","latest",169887794,1
"485","kubekit/cassandra","cassandra",98.7811,7128172,2.1124,"debian","latest",155750087,1
"486","kuberdock/mysql","mysql",99.0166,5303862,2.0446,"debian","latest",131287537,1
"487","kursatkeles/mysql","mysql",99.009,5270645,2.0755,"debian","latest",129268501,1
"488","kuzaxak/nginx","nginx",96.2745,4160545,7.4798,"alpine","latest",19653908,1
"489","kymy/mongodb","mongo",99.0652,5269849,1.8956,"debian","latest",150102504,1
"490","labdocker/mysql","mysql",98.6278,8306026,1.9352,"debian","latest",137704741,1
"491","landier/cassandra","cassandra",99.35,3966014,1.6947,"debian","latest",167582398,1
"492","laradock/mysql","mysql",68.7671,300712224,87.4333,"ubuntu","latest",183706444,1
"493","lashin/cassandra","cassandra",97.9466,7873370,3.6633,"debian","latest",134288374,1
"494","lastbackend/mongodb","mongo",93.5175,24544419,13.5877,"ubuntu","latest",138965990,1
"495","lbanchio/mysql","mysql",99.3959,3717645,1.5742,"debian","latest",123592837,1
"496","leanlabs/nginx","nginx",99.3522,80771,5.468,"alpine","latest",3081530,1
"497","learninglayers/mysql","mysql",88.6901,56115057,20.446,"ubuntu","latest",168076212,1
"498","lefan/cassandra","cassandra",67.2885,307138068,38.8714,"centos","latest",0,1
"499","leonidlm/cassandra","cassandra",90.7522,61493441,13.8155,"ubuntu","latest",178223502,1
"500","lesongjia/cassandra","cassandra",98.9376,6684208,2.912,"debian","latest",0,1
"501","ley21/nginx","nginx",98.9311,3487236,4.5889,"debian","latest",84518878,1
"502","libertaria/nginx","nginx",79.3566,70980365,37.6089,"alpine","latest",72592788,1
"503","linarotechnologies/nginx","nginx",99.6224,78988,0.6836,"alpine","latest",7037042,1
"504","linntroll/mysql","mysql",99.3957,3690524,1.5691,"debian","latest",123148283,1
"505","linuxconfig/nginx","nginx",98.933,3500555,4.5789,"debian","latest",85022255,1
"506","linuxserver/mysql","mysql",61.9934,334455594,96.989,"ubuntu","latest",177094055,1
"507","liorsep/nginx","nginx",98.2009,3595865,6.6518,"debian","latest",44798098,1
"508","liudonghua123/mongodb","mongo",88.463,66309818,33.1333,"ubuntu","latest",0,1
"509","liumiaocn/mysql","mysql",98.8116,6647941,2.1525,"debian","latest",132018537,1
"510","livingobjects/mysql","mysql",97.8785,15033983,5.2236,"debian","latest",143981342,1
"511","livingobjects/nginx","nginx",65.5776,10421952,81.8406,"alpine","latest",8460868,1
"512","livingstoneonline/mysql","mysql",99.9018,234693,0.1091,"alpine","latest",65656806,1
"513","loblaw/mongodb","mongo",99.0678,5266216,1.8883,"debian","latest",150376365,1
"514","loggi/java","java",99.8915,177286,0.1246,"alpine","latest",53574198,1
"515","loky9000/nginx","nginx",89.5208,24397147,61.5606,"ubuntu","latest",94874194,1
"516","lol233/java","java",93.0528,64886399,12.5592,"ubuntu","latest",284075599,1
"517","lovedeer/mongodb","mongo",90.9782,41207642,12.8749,"ubuntu","latest",172265747,1
"518","lrodriguez2002cu/cassandra","cassandra",98.242,9435435,3.0893,"debian","latest",189874730,1
"519","lucasbcoelho/mongodb","mongo",93.5021,24519665,13.6854,"ubuntu","latest",138120174,1
"521","lucianmachado/mongo","mongo",98.7994,6188141,2.1576,"debian","latest",130529783,1
"522","lucilecoutouly/cassandra","cassandra",98.8494,10005596,1.75,"debian","latest",285109847,1
"523","luis/mongodb","mongo",91.6286,36480391,11.8803,"ubuntu","latest",167490793,1
"524","luiscavero/mysql","mysql",99.3391,3630132,1.8233,"debian","latest",111143705,1
"525","lukaszm/mongodb","mongo",96.834,13603228,5.2961,"debian","latest",139368657,1
"526","luke92/cassandra","cassandra",91.9481,88860633,12.9505,"ubuntu","latest",387292595,1
"527","lysender/mysql","mysql",77.0929,282334412,50.0687,"ubuntu","latest",162811444,1
"528","m4n1ch/mysql","mysql",89.3499,93654964,19.9868,"centos","latest",243544696,1
"529","m6web/mysql","mysql",99.0494,5335396,1.9254,"debian","latest",137832544,1
"530","maaydin/nginx","nginx",98.4782,4622782,5.7554,"debian","latest",88124928,1
"531","macfly/cassandra","cassandra",98.6428,7116525,2.7247,"debian","latest",165024108,1
"532","macmillan/mongodb","mongo",88.0327,113784747,20.3899,"centos","latest",195327957,1
"533","maco222/mysql","mysql",99.0552,5303637,1.9141,"debian","latest",137830227,1
"534","maersk/nginx","nginx",91.8186,17597629,25.011,"debian","latest",81849033,1
"535","maestrano/mysql","mysql",97.9243,13126907,4.5012,"debian","latest",145072771,1
"536","magarvey/nginx","nginx",98.833,3632040,7.3363,"debian","latest",70721023,1
"537","mailu/nginx","nginx",97.3997,6595343,4.5522,"alpine","latest",47173463,1
"538","makeusabrew/mongodb","mongo",100,0,0,"ubuntu","latest",259650048,1
"539","mapic/mongo","mongo",98.7784,6169201,2.1996,"debian","latest",131856174,1
"540","marcialr/mysql","mysql",82.8767,56625861,17.8005,"ubuntu","latest",94889766,1
"541","markusma/mongodb","mongo",85.917,101612471,29.49,"ubuntu","latest",193217192,1
"542","marmotcai/java","java",95.8386,35865171,5.0477,"ubuntu","latest",472791219,1
"543","marouen/mysql","mysql",84.474,90252516,24.0462,"ubuntu","latest",127023979,1
"544","mateusmiranda/mysql","mysql",94.2291,38852926,10.4008,"ubuntu","latest",166105934,1
"545","matlockx/cassandra","cassandra",97.6592,22145007,6.17,"centos","latest",246229595,1
"546","matuskocka/mongodb","mongo",96.5581,23854382,8.3477,"fedora-modular","latest",148576540,1
"547","maxexcloo/java","java",99.5196,5688937,0.7669,"debian","latest",489662989,1
"548","maxexcloo/nginx","nginx",98.8986,4226952,3.4783,"debian","latest",98122507,1
"549","maxking/mysql","mysql",98.5075,8295631,2.13,"debian","latest",127029707,1
"550","mazdahws/mysql","mysql",97.948,8584718,2.9793,"ubuntu","latest",112544100,1
"551","mbentley/mysql","mysql",99.3432,3747918,2.1407,"debian","latest",101858602,1
"552","mcgregorandrew/cassandra","cassandra",98.7456,6453521,2.4493,"debian","latest",162076104,1
"553","mcuz/mongo","mongo",98.7962,4508511,2.4223,"debian","latest",97237244,1
"554","meabed/cassandra","cassandra",98.9208,12019653,1.3103,"debian","latest",466470279,1
"555","mediamoose/mysql","mysql",98.0911,10327377,2.5958,"debian","latest",155432276,1
"556","mehditazi/cassandra","cassandra",98.8404,6061258,2.3375,"debian","latest",161270038,1
"557","metatronx/mysql","mysql",98.2174,8278845,2.6186,"debian","latest",123685263,1
"558","meuralnetgear/nginx","nginx",98.4184,3649880,6.4297,"debian","latest",50667554,1
"559","mgbi/mongo","mongo",97.9816,8174542,3.4372,"debian","latest",110064150,1
"560","mhcii/mysql","mysql",98.6046,8331611,1.9758,"debian","latest",136053760,1
"561","mhoush/mongo","mongo",91.084,35419872,13.2986,"ubuntu","latest",134188075,1
"562","miaoyq/cassandra","cassandra",90.5111,105314338,16.0003,"ubuntu","latest",376660327,1
"563","micard/mysql","mysql",99.0166,5289480,2.0311,"debian","latest",131649655,1
"564","microimages/mysql","mysql",94.7346,5455888,5.5426,"alpine","latest",31856745,1
"565","miguelpeixe/nginx","nginx",99.7958,52158,0.4491,"alpine","latest",6761000,1
"566","miko2u/mysql","mysql",95.3233,60496005,7.5999,"centos","latest",222705576,1
"567","miko2u/nginx","nginx",91.0456,39079875,145.047,"centos","latest",80280167,1
"568","minidocks/java","java",99.567,606621,0.8054,"alpine","latest",56562532,1
"569","minorut/mysql","mysql",98.1623,8090522,3.6041,"debian","latest",120037992,1
"570","misecichin/nginx","nginx",98.1989,3597896,6.6823,"debian","latest",44698331,1
"571","mishamx/mysql","mysql",98.5544,7712411,2.7082,"debian","latest",144201061,1
"572","mishamx/nginx","nginx",98.5622,3831019,16.8933,"debian","latest",63396573,1
"573","mjrone/mysql","mysql",98.6046,8331621,1.9758,"debian","latest",136056182,1
"574","mlda065/cassandra","cassandra",83.856,219056249,29.3953,"ubuntu","latest",426878735,1
"575","mobsted/nginx","nginx",98.2051,3585412,6.6629,"debian","latest",44670138,1
"576","moderntribe/mysql","mysql",99.9004,196701,0.1195,"alpine","latest",51578195,1
"577","moztr/nginx","nginx",99.5714,50759,1.9614,"alpine","latest",3870598,1
"578","mpl7/mongo","mongo",93.7661,31284441,7.0397,"ubuntu","latest",178147617,1
"579","mravi/mongodb","mongo",56.1726,557707290,100.1528,"debian","latest",232439967,1
"580","mrlesmithjr/mysql","mysql",99.6822,874855,0.3312,"alpine","latest",79541302,1
"581","mschoch/java","java",93.241,59739077,16.513,"debian","latest",228303767,1
"582","mserrate/cassandra","cassandra",91.2872,62089401,13.6806,"ubuntu","latest",298540122,1
"583","mswebmaster/mysql","mysql",99.9055,187182,0.109,"alpine","latest",51011550,1
"584","mszcodewise/cassandra","cassandra",77.96,112136613,22.5121,"ubuntu","latest",240290548,1
"585","mukeshrajmca/mysql","mysql",98.5076,8313209,2.1345,"debian","latest",124533869,1
"586","munkyboy/cassandra","cassandra",99.5724,4159256,0.5413,"ubuntu","latest",394142061,1
"587","munkyboy/java","java",96.3648,40021682,5.1591,"ubuntu","latest",415347875,1
"588","murrays/mongo","mongo",95.9765,37545568,7.4815,"ubuntu","latest",186731041,1
"589","musashisakamoto/mysql","mysql",98.2255,8276198,2.6057,"debian","latest",124151812,1
"590","mygento/mysql","mysql",98.6087,8154779,2.926,"debian","latest",150845831,1
"591","mygento/nginx","nginx",98.8975,3646720,2.8271,"debian","latest",68360714,1
"592","myprod/nginx","nginx",96.5629,6085008,8.5145,"debian","latest",51191221,1
"593","mystrength/nginx","nginx",95.6694,25996617,12.4294,"debian","latest",139820111,1
"594","nafajardo/cassandra","cassandra",76.8451,154390519,39.4435,"debian","latest",206239600,1
"595","nangualin/nginx","nginx",99.7944,52278,0.4518,"alpine","latest",6761627,1
"596","nanofi/mysql","mysql",99.0724,5417585,1.8407,"debian","latest",146882823,1
"597","nasqueron/mysql","mysql",98.6277,8306954,1.9354,"debian","latest",137705015,1
"598","naturalintelligence/java","java",99.1194,9257074,1.3393,"debian","latest",311994656,1
"599","navicore/cassandra","cassandra",98.7116,6665611,2.4643,"debian","latest",166408328,1
"600","navyateja/mysql","mysql",99.0176,5282964,2.0288,"debian","latest",131617466,1
"601","ncarlier/cassandra","cassandra",98.6316,7170918,2.7131,"debian","latest",177873436,1
"602","ndegory/cassandra","cassandra",98.6451,7148367,2.7233,"debian","latest",165249737,1
"603","netbisect/java","java",99.8908,109007,0.1401,"alpine","latest",56519342,1
"604","netknight/java","java",98.5207,13429005,2.281,"debian","latest",275601458,1
"605","nextgearcapital/java","java",96.5376,33207951,5.0042,"ubuntu","latest",489629736,1
"606","nexusmicro/mongodb","mongo",93.5725,32451294,11.5474,"ubuntu","latest",168399301,1
"607","nexusstats/mongo","mongo",99.6449,1802822,0.6004,"alpine","latest",110347936,1
"608","niccaman/mysql","mysql",98.2848,8205252,3.2051,"debian","latest",140034586,1
"609","nicomalig/mysql","mysql",98.22,8296435,2.6199,"debian","latest",123845830,1
"610","nightech/nginx","nginx",96.7011,5803352,8.5691,"debian","latest",50149977,1
"611","nimmis/java","java",91.4962,61530008,13.2463,"ubuntu","latest",226989410,1
"612","nirmalgupta/cassandra","cassandra",98.8084,6064660,2.4137,"debian","latest",177216815,1
"613","nitra/mongo","mongo",77.3666,240429343,35.9999,"centos","latest",232654343,1
"614","notnoopci/mongo","mongo",98.7985,6169157,2.1535,"debian","latest",130406419,1
"615","notnoopci/mysql","mysql",98.557,7702018,2.7009,"debian","latest",144378543,1
"616","nrandell/mongo","mongo",99.6351,2644263,0.7002,"debian","latest",153683635,1
"617","ntbc/cassandra","cassandra",96.3954,34485801,5.3816,"centos","latest",295468946,1
"618","nvucinic/nginx","nginx",71.0174,141308074,113.3497,"debian","latest",111751344,1
"619","nyccamp/mysql","mysql",84.2459,82496465,20.2428,"ubuntu","latest",118781918,1
"620","nymediaas/nginx","nginx",98.1896,3606722,6.7201,"debian","latest",44603572,1
"621","objectsystems/mysql","mysql",97.7466,13510329,7.0561,"oracle","latest",116337589,1
"622","ocaner/cassandra","cassandra",98.6234,7440887,2.744,"debian","latest",166376029,1
"623","oddlid/nginx","nginx",94.5592,3387808,11.4308,"alpine","latest",14492533,1
"624","odpks/java","java",99.7141,373759,0.3173,"alpine","latest",82164698,1
"625","ohmcoe/nginx","nginx",98.4249,3646482,6.3846,"debian","latest",50834001,1
"626","olcms/nginx","nginx",99.7755,55083,0.4785,"alpine","latest",6742068,1
"627","oliverwehn/mongodb","mongo",93.7338,24541276,12.6946,"ubuntu","latest",142505624,1
"628","omneedia/nginx","nginx",98.7401,2807093,2.8451,"ubuntu","latest",77364419,1
"629","omnisol/mysql","mysql",98.2409,9376792,2.4521,"debian","latest",150819538,1
"630","openapphack/mongodb","mongo",85.4597,56472219,32.3323,"ubuntu","latest",141306745,1
"631","openbmp/mysql","mysql",93.8461,67035104,8.5431,"ubuntu","latest",278252694,1
"632","openeats/nginx","nginx",99.783,53943,0.4682,"alpine","latest",6746295,1
"633","openflightmaps/mysql","mysql",99.4272,3630505,1.4579,"debian","latest",127817730,1
"634","openhades/nginx","nginx",90.0995,42760339,171.8541,"centos","latest",77864702,1
"635","openkbs/cassandra","cassandra",98.4488,7906292,3.0066,"debian","latest",165169627,1
"636","openlmis/nginx","nginx",99.7567,80721,0.3872,"alpine","latest",10057171,1
"637","opens/mongo","mongo",98.7125,1835087,1.3575,"alpine","latest",58631639,1
"638","openstec/mysql","mysql",99.4563,944580,0.5717,"alpine","latest",51036566,1
"639","opositatest/nginx","nginx",98.414,3678857,6.4811,"debian","latest",50693984,1
"640","orcamicroservices/mysql","mysql",98.4962,7819765,2.7559,"debian","latest",143561583,1
"641","orchardup/mysql","mysql",92.7949,21895494,7.4897,"ubuntu","latest",104474410,1
"642","oriaks/mongodb","mongo",99.5961,3121311,1.1344,"debian","latest",149782582,1
"643","oukone/mongodb","mongo",93.8968,26772455,11.3116,"ubuntu","latest",151625149,1
"644","overlordyorch/cassandra","cassandra",84.9023,173071305,21.5149,"centos","latest",429194265,1
"645","pam79/nginx","nginx",98.4205,3646461,6.4244,"debian","latest",50679063,1
"646","passion4/nginx","nginx",97.6551,4163460,7.8718,"debian","latest",44045051,1
"647","passwork/mongo","mongo",94.0074,24659928,11.5836,"ubuntu","latest",155671500,1
"648","pat2man/cassandra","cassandra",98.7326,7336030,2.1758,"debian","latest",155616313,1
"649","patagonicus/mysql","mysql",93.8468,18549112,9.1767,"ubuntu","latest",95701049,1
"650","pathwar/nginx","nginx",98.465,2682990,2.9251,"debian","latest",39932432,1
"651","patrickosborne/mongo","mongo",51.8562,623618706,101.1667,"debian","latest",252954622,1
"652","pattyold/mysql","mysql",98.2223,8273004,2.6112,"debian","latest",123940492,1
"653","peerbelt/cassandra","cassandra",96.5535,29250774,4.3767,"debian","latest",362688101,1
"654","peerlibrary/mongodb","mongo",95.1734,31287330,8.8633,"debian","latest",166694235,1
"655","petrasystems/mongodb","mongo",49.617,682999538,106.6123,"debian","latest",280292043,1
"656","petsymx/nginx","nginx",98.1725,1732419,3.2531,"alpine","latest",19093314,1
"657","phpdockerio/nginx","nginx",99.5267,57130,3.9536,"alpine","latest",3400345,1
"658","phppm/nginx","nginx",99.1335,786216,0.9568,"alpine","latest",32550669,1
"659","phpstorm/mysql","mysql",97.8683,14087947,6.0788,"oracle","latest",119638078,1
"660","piercecave/mysqldb","mysql",98.5414,8331721,2.0781,"debian","latest",134026740,1
"661","pingpongpulse/nginx","nginx",99.7802,143031,0.2815,"alpine","latest",17094130,1
"662","pivotaledu/mongodb","mongo",98.8372,2271823,1.3687,"alpine","latest",75037613,1
"663","pivotalenablement/mysql","mysql",99.1305,7199082,1.3613,"debian","latest",237971416,1
"664","pivote/mongo","mongo",98.7689,6125008,2.1911,"debian","latest",128559136,1
"665","pixelfordinner/nginx","nginx",98.8552,271245,1.7386,"alpine","latest",8664176,1
"666","plainpicture/cassandra","cassandra",98.7647,6371131,2.4245,"debian","latest",161963605,1
"667","planitar/cassandra","cassandra",91.4976,99463636,14.5153,"ubuntu","latest",420841876,1
"668","pmdcosta/cassandra","cassandra",90.5513,46329537,11.1551,"debian","latest",164298328,1
"669","podgroup/cassandra","cassandra",98.6475,7116245,2.7111,"debian","latest",165239357,1
"670","poklet/cassandra","cassandra",72.1616,153923370,31.7249,"centos","latest",190401684,1
"671","portail/nginx","nginx",98.2084,3586974,6.6364,"debian","latest",44787273,1
"672","positron/mongo","mongo",98.7821,6172670,2.1913,"debian","latest",132106342,1
"673","posohof/java","java",95.8163,31785972,5.0668,"ubuntu","latest",444320304,1
"674","poweroflinks/mysql","mysql",98.222,8273000,2.6117,"debian","latest",123881182,1
"675","ppc64le/cassandra","cassandra",98.3508,7505344,2.8781,"debian","latest",125891125,1
"676","ppc64le/java","java",98.8216,9034830,1.9253,"debian","latest",220589533,1
"677","ppc64le/nginx","nginx",98.8362,3649075,5.5971,"debian","latest",56038390,1
"678","prajnainc/cassandra","cassandra",98.6693,7436674,2.4705,"debian","latest",182730855,1
"679","prima/nginx","nginx",99.5167,631043,0.5193,"alpine","latest",39888888,1
"680","profidata/nginx","nginx",99.4499,112350,1.0701,"alpine","latest",6967215,1
"681","projectclearwater/cassandra","cassandra",90.1909,110337931,16.6075,"ubuntu","latest",382573872,1
"682","projectomakase/mysql","mysql",98.5075,8295631,2.13,"debian","latest",127029692,1
"683","propcom/nginx","nginx",99.5716,50759,1.9596,"alpine","latest",3871637,1
"684","protopilotfactory/java","java",95.2206,38195489,7.9095,"ubuntu","latest",292459183,1
"685","puffinrocks/mongo","mongo",98.9406,4527191,2.0129,"debian","latest",104454022,1
"686","pulp/mongodb","mongo",74.5978,140490639,45.2353,"centos","latest",109940923,1
"687","pushonltd/nginx","nginx",98.9447,200807,1.8098,"alpine","latest",7469837,1
"688","pwcdigital/mongodb","mongo",61.2295,393509359,106.1958,"ubuntu","latest",214471501,1
"689","qasymphony/mysql","mysql",97.2366,13603604,4.3502,"ubuntu","latest",109385256,1
"690","qasymphony/nginx","nginx",93.195,14019827,25.8843,"ubuntu","latest",71587956,1
"691","qbtrade/java","java",96.5929,63884097,4.964,"ubuntu","latest",562503360,1
"692","qnib/mongodb","mongo",53.8705,1056598797,59.9511,"fedora","latest",849391598,1
"693","quadstingray/mongodb","mongo",99.1931,3599357,1.9343,"debian","latest",93894067,1
"694","quilt/mongo","mongo",96.9479,15979355,6.8766,"debian","latest",108136835,1
"695","racepace/mysql","mysql",98.5558,7700483,2.7041,"debian","latest",144191345,1
"696","racepace/nginx","nginx",97.0372,5549667,7.37,"debian","latest",58825427,1
"697","radial/nginx","nginx",66.6317,118001619,136.7831,"ubuntu","latest",117079830,1
"698","radiantwf/mongodb","mongo",92.68,36333079,10.0554,"ubuntu","latest",165531232,1
"699","ragedunicorn/mysql","mysql",98.7891,5738725,1.6955,"ubuntu","latest",95823332,1
"700","rainist/cassandra","cassandra",98.4446,7888682,3.0128,"debian","latest",165116408,1
"701","rainist/nginx","nginx",96.197,10441569,8.3165,"debian","latest",76982668,1
"702","raisoft2008/nginx","nginx",97.0693,5877564,6.8133,"debian","latest",63622724,1
"703","ramkri123/cassandra","cassandra",90.9303,106358634,15.0858,"ubuntu","latest",410026862,1
"704","razvanm/mysql","mysql",95.15,22862123,8.4041,"debian","latest",96581726,1
"705","rebyn/cassandra","cassandra",98.4389,7913258,3.0203,"debian","latest",165242838,1
"706","redwolf3/java","java",94.2882,39422028,10.6912,"ubuntu","latest",224115414,1
"707","refarchie/nginx","nginx",90.6785,110703624,16.7087,"ubuntu","latest",307896570,1
"708","relevancelab/mongodb","mongo",93.2948,68226673,13.7714,"ubuntu","latest",181571683,1
"709","renothing/nginx","nginx",98.8592,127606,4.5649,"alpine","latest",3808699,1
"710","resouer/cassandra","cassandra",94.2115,42176046,8.9564,"ubuntu","latest",292680543,1
"711","rexsoftware/nginx","nginx",99.2451,69466,3.2924,"alpine","latest",3022331,1
"712","rgrmarketing/nginx","nginx",97.7907,4865615,5.6159,"debian","latest",56175532,1
"713","richardyft/java","java",93.5375,59301661,9.3576,"ubuntu","latest",473342072,1
"714","rinscy/cassandra","cassandra",98.6159,7239166,2.7572,"debian","latest",165261779,1
"715","rithium/cassandra","cassandra",97.4112,29503370,5.5759,"debian","latest",279006047,1
"716","rjain15/mongodb","mongo",90.1221,67061890,24.8953,"ubuntu","latest",197110376,1
"717","rluta/cassandra","cassandra",100,0,0,"centos","latest",467274239,1
"718","roadmunk/mongo","mongo",94.7122,19890082,7.4905,"ubuntu","latest",122371405,1
"719","rockerbox/cassandra","cassandra",95.2473,42569805,5.6816,"ubuntu","latest",320591694,1
"720","romaincottechauffeurprive/mongo","mongo",87.1954,26653087,5.2711,"ubuntu","latest",204251088,1
"721","royjoydeep1/cassandra","cassandra",98.2433,7439207,2.7767,"debian","latest",132634247,1
"722","rstarmer/nginx","nginx",98.2027,3586110,6.6777,"debian","latest",44624121,1
"723","rtcamp/nginx","nginx",81.9548,32049135,55.8639,"ubuntu","latest",67732537,1
"724","rubinlab/mysql","mysql",99.2564,3378898,1.7006,"debian","latest",96871284,1
"725","rupeshrajkarn/cassandra","cassandra",98.2603,10415942,2.3578,"debian","latest",193041751,1
"726","russellluo/mongodb","mongo",92.5609,39000926,8.8905,"ubuntu","latest",172320928,1
"727","rxvallejoc/java","java",99.8602,225139,0.1569,"alpine","latest",52701846,1
"728","ryu2492/mysql","mysql",91.1314,37879458,10.9894,"ubuntu","latest",116066604,1
"729","ryurkov/nginx","nginx",89.0666,27217678,62.4633,"ubuntu","latest",98482455,1
"730","s390x/java","java",98.8219,8995160,1.9346,"debian","latest",223053676,1
"731","s390x/nginx","nginx",98.4152,3647051,6.245,"debian","latest",49209209,1
"732","sacashgit/mongo","mongo",85.7669,48666527,14.4137,"ubuntu","latest",126436089,1
"733","safaksaylam/mongodb","mongo",98.8246,6207882,2.1007,"debian","latest",133418949,1
"734","saisasank001/mysql","mysql",96.0404,14596531,11.1008,"ubuntu","latest",95635959,1
"735","sameersbn/mongodb","mongo",88.66,28563800,65.5758,"ubuntu","latest",82671131,1
"736","samejack/mysql","mysql",70.052,254205658,91.3904,"ubuntu","latest",161415237,1
"737","sammlerio/mongo","mongo",91.3323,32962495,13.1117,"ubuntu","latest",131694137,1
"738","samsulmaarif/mysql","mysql",85.4881,89619154,42.2323,"ubuntu","latest",144864170,1
"739","samuelcstewart/java","java",96.8079,30633686,4.2646,"ubuntu","latest",488813193,1
"740","sapk/java","java",98.2836,3515065,3.5473,"alpine","latest",40825167,1
"741","scaleway/java","java",94.0761,51663804,7.8648,"ubuntu","latest",341745333,1
"742","scalp42/cassandra","cassandra",98.7913,6199327,2.4327,"debian","latest",157114076,1
"743","schmunk42/nginx","nginx",98.4227,2784807,2.9817,"debian","latest",41033317,1
"744","scottabernethy/mongodb","mongo",98.8263,5510100,2.5795,"debian","latest",123229938,1
"745","scullxbones/mongodb","mongo",93.8796,27434930,8.7066,"debian","latest",156013125,1
"746","sdtdensimag/cassandra","cassandra",98.4451,7888978,3.0114,"debian","latest",165236049,1
"747","seleme/mysql","mysql",98.2223,8273004,2.6111,"debian","latest",123940604,1
"748","serfera/mongodb","mongo",88.4916,53770933,21.7594,"ubuntu","latest",162335063,1
"749","sgn0/java","java",99.8955,99065,0.1376,"alpine","latest",54018398,1
"750","shaddock/mysql","mysql",89.5799,69685198,16.6419,"ubuntu","latest",232560343,1
"751","shantanuo/mysql","mysql",97.6848,7918910,5.7092,"debian","latest",90429952,1
"752","shashankkoppar/cassandra","cassandra",98.6806,6401417,2.6467,"debian","latest",171414663,1
"753","shoaibmohammed/mysql","mysql",98.8052,6450293,2.5282,"debian","latest",129333240,1
"754","shorlak/mongo","mongo",99.9749,54510,0.0414,"alpine","latest",53775461,1
"755","sierratecnologia/java","java",94.9936,38841226,6.0809,"ubuntu","latest",451462942,1
"756","sillelien/cassandra","cassandra",99.3385,3935186,1.7245,"debian","latest",165889236,1
"757","simapple/mysql","mysql",75.5346,216021490,50.2515,"ubuntu","latest",138595378,1
"758","skandyla/mongo","mongo",98.7782,6205827,2.2069,"debian","latest",132121911,1
"759","skyscrapers/mysql","mysql",99.3991,3674792,1.5625,"debian","latest",123142497,1
"760","slhdev/cassandra","cassandra",90.6422,102716871,11.8222,"ubuntu","latest",561234989,1
"761","sloppy/nginx","nginx",98.938,4000964,3.7325,"debian","latest",94051942,1
"762","smalllark/java","java",90.999,97189439,17.3326,"ubuntu","latest",285073447,1
"763","smartlab/nginx","nginx",95.8387,1432405,10.3388,"alpine","latest",7887712,1
"764","smartprocure/java","java",96.3669,35586761,4.4443,"ubuntu","latest",495125871,1
"765","smartua/mongodb","mongo",99.5406,3116381,1.3877,"debian","latest",134227341,1
"766","smokserwis/cassandra","cassandra",98.0392,8056253,3.2067,"debian","latest",132762586,1
"767","snakeego/mongodb","mongo",99.9722,109071,0.0458,"alpine","latest",88304357,1
"768","socialtablesops/mysql","mysql",98.2174,8278857,2.6186,"debian","latest",123685203,1
"769","sofianinho/cassandra","cassandra",90.5147,105260302,15.9934,"ubuntu","latest",376176884,1
"770","sofitlabs/java","java",99.9253,706274,0.1552,"debian","latest",271594907,1
"771","softwareplant/mysql","mysql",97.9311,9517507,2.943,"debian","latest",138358157,1
"772","sommereng/mongodb","mongo",98.7693,6121938,2.1901,"debian","latest",128558072,1
"773","songshenzong/mongo","mongo",98.7985,6169157,2.1535,"debian","latest",130406419,1
"774","songshenzong/mysql","mysql",98.5572,7700251,2.7003,"debian","latest",144377812,1
"775","songshenzong/nginx","nginx",98.5577,314868,1.916,"alpine","latest",8290844,1
"776","spakmaro/mongo","mongo",98.7996,6186717,2.1571,"debian","latest",130530997,1
"777","spalmalo/nginx","nginx",98.9631,3407088,5.9094,"debian","latest",71177231,1
"778","sphericaldefence/nginx","nginx",98.416,3656864,6.4415,"debian","latest",50668513,1
"779","spidasoftware/mongodb","mongo",94.7771,27985212,9.0383,"ubuntu","latest",165420616,1
"780","sport1/mysql","mysql",98.6045,8314361,1.9717,"debian","latest",136049897,1
"781","srdc/cassandra","cassandra",88.0895,147331778,17.3274,"ubuntu","latest",433851434,1
"782","srikanthk/mysql","mysql",99.0494,5335396,1.9255,"debian","latest",137832170,1
"783","sscpac/mongo","mongo",99.3199,3103414,1.3252,"alpine","latest",93904983,1
"784","sshejwal/mysql","mysql",98.6278,8306030,1.9352,"debian","latest",137704235,1
"785","stangenberg/java","java",98.8549,2477524,2.3604,"alpine","latest",45445516,1
"786","stanleygu/mongodb","mongo",90.045,73158908,15.3098,"ubuntu","latest",165289561,1
"788","starlkj/mysql","mysql",93.8657,38755623,10.1351,"ubuntu","latest",141526033,1
"789","state/mongodb","mongo",72.3315,495452727,53.9508,"fedora","latest",307112873,1
"790","stefanjacobs123/cassandra","cassandra",98.7949,7062341,2.1137,"debian","latest",153570306,1
"791","stefanofontanelli/cassandra","cassandra",97.384,32178631,4.361,"debian","latest",302156628,1
"792","stickee/nginx","nginx",79.9974,7924419,54.7866,"alpine","latest",8853812,1
"793","stormshield/mongodb","mongo",99.5591,3885060,0.9649,"debian","latest",205665422,1
"794","stratio/mongo","mongo",96.5029,41236151,5.0411,"ubuntu","latest",355650148,1
"795","suboss/cassandra","cassandra",76.4829,302277313,38.572,"centos","latest",313411308,1
"796","suet/mysql","mysql",91.3137,47738949,10.4054,"ubuntu","latest",157022196,1
"797","supportlobby/mysql","mysql",96.4848,21700844,23.8485,"oracle","latest",116988323,1
"798","surenbika/mongo","mongo",93.734,24539703,12.6945,"ubuntu","latest",142508935,1
"799","synopsis/mysql","mysql",98.2199,8278849,2.6144,"debian","latest",123836815,1
"800","synopsis/nginx","nginx",98.1923,3603737,6.7149,"debian","latest",44601902,1
"801","syoya/nginx","nginx",95.6635,1510974,11.9613,"alpine","latest",8031163,1
"802","sysradium/mysql","mysql",99.0178,5281712,2.0283,"debian","latest",131619643,1
"803","szewec/java","java",70.6985,368609882,71.1582,"centos","latest",255767916,1
"804","takeyamajp/mysql","mysql",98.5409,8333775,2.0786,"debian","latest",134027626,1
"805","talklead/nginx","nginx",95.1396,7422251,12.0673,"debian","latest",47281042,1
"806","tamurayoshiya/mysql","mysql",99.2477,3443222,1.2176,"debian","latest",96569000,1
"807","tbaltrushaitis/mongodb","mongo",92.3539,31754318,11.5708,"ubuntu","latest",148048740,1
"808","tcaxias/mongodb","mongo",99.1374,4387822,2.4656,"debian","latest",117520955,1
"809","tcsjh/java","java",95.8447,29066663,5.2382,"ubuntu","latest",246461463,1
"810","techakcent/nginx","nginx",99.4161,58059,4.0981,"alpine","latest",2811178,1
"811","techcto/mongo","mongo",98.5647,6571253,2.2034,"ubuntu","latest",146761030,1
"812","tedneward/java","java",98.1103,24675402,3.2567,"debian","latest",382310381,1
"813","teja0957/cassandra","cassandra",98.2411,7461293,2.7857,"debian","latest",132584641,1
"814","teknologist/mongo","mongo",99.1632,3458859,1.958,"debian","latest",95751830,1
"815","therealajr/mongo","mongo",99.501,3613802,1.2393,"debian","latest",138521330,1
"816","thingsboard/cassandra","cassandra",98.2437,7437930,2.7759,"debian","latest",132570937,1
"817","thinkin/cassandra","cassandra",98.2213,7450484,2.7805,"debian","latest",132576021,1
"818","thinkiq/mysql","mysql",98.2343,12467554,2.2465,"debian","latest",214856840,1
"819","tianon/nginx","nginx",98.9522,3420113,5.8201,"debian","latest",71605546,1
"820","ticketfly/mysql","mysql",97.7458,7451609,3.7112,"debian","latest",82669716,1
"821","tifayuki/java","java",91.791,65760350,11.8644,"ubuntu","latest",241409152,1
"822","timfallmk/cassandra","cassandra",93.7703,56551739,7.1056,"ubuntu","latest",349329354,1
"823","timherman/mysql","mysql",99.2744,3139583,1.2022,"debian","latest",86511124,1
"824","timonier/mysql","mysql",98.1315,10463962,2.5216,"debian","latest",139671865,1
"825","tiredofit/mongo","mongo",91.3794,88430225,19.5846,"alpine","latest",219249781,1
"826","tklx/mysql","mysql",82.2302,91090848,36.4477,"debian","latest",99921862,1
"827","tlodge/mongo","mongo",95.0413,24538979,8.3539,"ubuntu","latest",184553688,1
"828","tmather99/nginx","nginx",98.8884,251006,1.6817,"alpine","latest",8441675,1
"829","tmobilecf/cassandra","cassandra",98.0571,8860841,3.0774,"debian","latest",146774405,1
"830","tomasoares/mongo","mongo",91.1302,36240895,13.096,"ubuntu","latest",137096915,1
"831","tomiti/nginx","nginx",98.1952,3598743,6.7059,"debian","latest",44600670,1
"832","tommylau/mysql","mysql",98.5075,8295631,2.13,"debian","latest",127029462,1
"833","toqoz/mysql","mysql",99.6069,4041153,0.7705,"debian","latest",187860319,1
"834","toru2220/nginx","nginx",98.2055,3585440,6.6598,"debian","latest",44690676,1
"835","trainingteam/nginx","nginx",98.9637,3426851,5.8795,"debian","latest",71414823,1
"836","travix/nginx","nginx",99.5389,51493,3.5249,"alpine","latest",2928533,1
"837","treenity/mysql","mysql",98.9329,5611349,2.1522,"debian","latest",131619164,1
"838","triply/mongodb","mongo",99.0024,4405375,1.8985,"debian","latest",108583387,1
"839","trollin/mysql","mysql",98.4988,8309268,2.1431,"debian","latest",129391993,1
"840","trumanz/cassandra","cassandra",92.8587,107988115,11.6081,"ubuntu","latest",640525436,1
"841","trurlmcbyte/nginx","nginx",99.8656,163887,0.1648,"alpine","latest",40140485,1
"842","tsuru/java","java",92.7508,52915629,8.73,"ubuntu","latest",389713575,1
"843","tsweb/mysql","mysql",71.2133,222119972,41.3828,"centos","latest",196747867,1
"844","tugboatqa/mongo","mongo",91.0194,67475107,11.1788,"ubuntu","latest",278776746,1
"845","tugboatqa/mysql","mysql",96.4001,27261134,4.1598,"debian","latest",232862157,1
"846","tutum/mongodb","mongo",95.2512,24541338,7.7891,"ubuntu","latest",203841527,1
"847","tutum/nginx","nginx",88.4104,24462939,133.2958,"ubuntu","latest",73695561,1
"848","twdevops/java","java",90.7587,83468504,12.6922,"ubuntu","latest",486369307,1
"849","twist/mongodb","mongo",94.8673,24599558,5.2787,"ubuntu","latest",142865502,1
"850","twistedogic/cassandra","cassandra",95.245,42597843,5.6849,"ubuntu","latest",320608834,1
"851","twistedogic/mongo","mongo",99.2473,4479888,1.6003,"debian","latest",131647518,1
"852","uanorman/mongo","mongo",92.6818,44225222,10.4958,"ubuntu","latest",213801464,1
"853","ubuntudeb/cassandra","cassandra",96.1723,42128115,4.7523,"ubuntu","latest",565002696,1
"854","ultra2/mongo","mongo",99.066,5265906,1.8867,"debian","latest",150417788,1
"855","umutcelikcomtr/mysql","mysql",99.3959,3717663,1.5742,"debian","latest",123590979,1
"856","unfall24/nginx","nginx",99.7825,138804,0.2806,"alpine","latest",16795077,1
"857","upclose/nginx","nginx",99.637,43739,2.5576,"alpine","latest",2874789,1
"858","uspgamedev/nginx","nginx",98.2084,3586974,6.6358,"debian","latest",44789085,1
"859","uwitech/mongodb","mongo",98.7828,6169694,2.1896,"debian","latest",132145063,1
"860","v3rg1l/mongodb","mongo",99.2484,4496405,1.6064,"debian","latest",131637774,1
"861","vaibhavtodi/java","java",92.6965,81197601,12.3787,"ubuntu","latest",495237838,1
"862","vaibhavtodi/mongodb","mongo",86.7735,72478282,21.3546,"ubuntu","latest",200781674,1
"863","varci/mysql","mysql",99.0143,5304420,2.037,"debian","latest",131622200,1
"864","vasanthkalli/cassandra","cassandra",98.2429,7439966,2.777,"debian","latest",132623122,1
"865","vase/mongo","mongo",98.7695,6120566,2.1896,"debian","latest",128556534,1
"866","velmuruganv/mysql","mysql",98.4963,7819765,2.7556,"debian","latest",143565129,1
"867","venosyd/mongo","mongo",91.2609,40285835,9.1034,"debian","latest",161233115,1
"868","vepo/mongo","mongo",99.959,74206,0.0635,"alpine","latest",52367136,1
"869","verbling/nginx","nginx",99.0645,3293149,5.6348,"debian","latest",101836979,1
"870","versates/java","java",99.8316,3548509,0.3204,"debian","latest",786892067,1
"871","vfang/cassandra","cassandra",98.7606,6809836,2.5751,"debian","latest",161658444,1
"872","vfiump/cassandra","cassandra",93.2325,73300921,13.4805,"ubuntu","latest",364704852,1
"873","vikingco/cassandra","cassandra",84.8983,173108885,21.5185,"centos","latest",429207334,1
"874","vivasaayi/mongodb","mongo",96.0636,31104963,5.9407,"ubuntu","latest",275700071,1
"875","vixlet/nginx","nginx",98.7047,3294702,42.9855,"debian","latest",54747574,1
"876","vkarassouloff/java","java",99.3519,5456410,1.1786,"debian","latest",275387639,1
"877","vkarassouloff/mysql","mysql",99.2796,3773812,2.2874,"debian","latest",91928652,1
"878","voidbridge/mongo","mongo",80.2993,247635715,50.4565,"centos","latest",262741622,1
"879","vovimayhem/cassandra","cassandra",99.5629,4275406,0.8922,"debian","latest",277984348,1
"880","vpecquerie/mysql","mysql",58.7223,613166189,86.6123,"debian","latest",317444805,1
"881","vrtsystems/nginx","nginx",98.6312,5440506,3.2128,"debian","latest",110635677,1
"882","vssware/mongodb","mongo",94.1805,62950878,14.5979,"centos","latest",280599019,1
"883","vukor/mysql","mysql",81.0244,117317797,24.7184,"centos","latest",160839685,1
"884","vyrphan/mongodb","mongo",93.8374,24552344,12.2898,"ubuntu","latest",144770460,1
"885","waitingkuo/mongodb","mongo",98.0313,18713469,5.3244,"ubuntu","latest",259687552,1
"886","waja/nginx","nginx",68.279,6464581,140.1424,"alpine","latest",4865927,1
"887","walkerlee/nginx","nginx",99.4973,48172,3.5253,"alpine","latest",2574064,1
"888","wangzldocker/mongodb","mongo",91.1524,37674501,12.8885,"ubuntu","latest",152631207,1
"889","washpost/mongodb","mongo",98.8781,6139340,2.1268,"debian","latest",157332608,1
"890","webfatorial/nginx","nginx",98.2544,3533402,6.6374,"debian","latest",44451085,1
"891","webhippie/java","java",99.531,1806772,0.5564,"alpine","latest",169355806,1
"892","webhippie/mongodb","mongo",92.5009,60082832,10.7526,"ubuntu","latest",223071004,1
"893","webratio/java","java",92.8835,62944561,9.9269,"ubuntu","latest",491253890,1
"894","webstream/mysql","mysql",98.2224,8273008,2.6111,"debian","latest",123943856,1
"895","wedeploy/java","java",99.691,1599938,0.5381,"alpine","latest",154939940,1
"896","wederbrand/java","java",91.4209,117184966,11.6001,"ubuntu","latest",633206850,1
"897","weldpua2008/nginx","nginx",98.964,3404795,5.9059,"debian","latest",71179894,1
"898","wen777/cassandra","cassandra",98.6852,7447053,2.5997,"debian","latest",168407925,1
"899","wenzizone/mysql","mysql",90.2531,49572252,25.0557,"ubuntu","latest",134238584,1
"900","whatwedo/nginx","nginx",99.2273,5861670,87.996,"ubuntu","latest",153296384,1
"901","wildme/nginx","nginx",98.1945,3618462,6.741,"debian","latest",44620740,1
"902","willfarrell/nginx","nginx",95.7773,1665823,8.7162,"alpine","latest",9710799,1
"903","withinboredom/mysql","mysql",88.8524,63838989,18.2707,"ubuntu","latest",180292668,1
"904","wodby/nginx","nginx",97.633,1828383,2.5445,"alpine","latest",31496851,1
"905","wolfdeng/mysql","mysql",99.9144,192544,0.0999,"alpine","latest",58604750,1
"906","wolferhua/mongo","mongo",98.6722,6585762,2.0069,"ubuntu","latest",168190578,1
"907","wplib/mysql","mysql",98.22,8296483,2.6199,"debian","latest",123847766,1
"908","wzshiming/mysql","mysql",98.22,8296435,2.6199,"debian","latest",123845235,1
"909","wzshiming/nginx","nginx",99.7943,52158,0.4533,"alpine","latest",6741082,1
"910","xalt/mysql","mysql",98.4647,6971955,3.0103,"debian","latest",131587236,1
"911","xaragroup/mysql","mysql",98.751,5639825,2.7632,"debian","latest",112574160,1
"912","xdevdavinci/mysql","mysql",99.0979,8134134,1.3169,"ubuntu","latest",239737361,1
"913","xemuliam/mongo","mongo",99.9304,203684,0.0823,"alpine","latest",96577552,1
"914","xiahoufeng/cassandra","cassandra",95.6114,45074172,11.7123,"centos","latest",255206844,1
"915","xiaobin/java","java",95.7923,7155171,8.708,"alpine","latest",58587851,1
"916","xjimmyshcn/mysql","mysql",99.0494,5335396,1.9255,"debian","latest",137831953,1
"917","xlight/mysql","mysql",98.7908,5306597,2.813,"debian","latest",109640323,1
"918","xomaod/cassandra","cassandra",99.3387,3969528,1.7394,"debian","latest",165891792,1
"919","xpxstar/mysql","mysql",98.9092,6453250,2.2146,"debian","latest",168014525,1
"920","yannickvh/nginx","nginx",98.1946,3600088,6.7084,"debian","latest",44600414,1
"921","yappabe/nginx","nginx",98.713,4205561,6.365,"debian","latest",76752520,1
"922","yaroslavderman/nginx","nginx",99.777,142745,0.2889,"alpine","latest",16765910,1
"923","yavende/nginx","nginx",98.8217,3815936,5.4929,"debian","latest",81716491,1
"924","yfix/mongo","mongo",91.3522,36619340,12.5909,"ubuntu","latest",151668183,1
"925","yfix/mysql","mysql",98.2203,8283601,2.615,"debian","latest",123881637,1
"926","yfix/nginx","nginx",88.669,44103090,23.7751,"ubuntu","latest",96861569,1
"927","yoda31217/java","java",95.8556,36545548,4.9088,"ubuntu","latest",502505249,1
"928","youpin/nginx","nginx",79.7567,36009333,66.1035,"ubuntu","latest",69954146,1
"929","yyqqing/mysql","mysql",98.5413,8331751,2.0781,"debian","latest",134026498,1
"930","zhicwu/cassandra","cassandra",85.742,219203925,22.3436,"ubuntu","latest",703037782,1
"931","zhouxiaoxiang/mysql","mysql",98.7391,6638077,2.349,"debian","latest",140184182,1
"932","zinobe/mongo","mongo",90.287,41874949,14.2798,"ubuntu","latest",153328352,1
"933","zjybb/nginx","nginx",97.8782,553106,3.0642,"alpine","latest",9816162,1
"934","zolotoykod/mysql","mysql",97.6504,12605471,3.9601,"debian","latest",124281151,1
"935","zoomulus/cassandra","cassandra",88.2986,54179873,17.2562,"ubuntu","latest",188769733,1
"936","zooniverse/nginx","nginx",83.1501,74090820,41.6328,"ubuntu","latest",151389630,1
"937","zroof/nginx","nginx",95.8373,1432345,10.3431,"alpine","latest",7912549,1
"938","zyrill/nginx","nginx",82.6584,6470444,49.3904,"alpine","latest",8328769,1
"939","zzyin/cassandra","cassandra",98.7393,6677579,2.3842,"debian","latest",175018563,1
