"","parent_image","image","official","link","pull_count","star_count","parent_image","lib_count","total_high_vuls","total_not_high_vuls","total_vuls"
"1","nginx","nginx",1,"https://hub.docker.com/_/nginx",10000000,10000,"nginx",118,3,40,43
"2","nginx","bitwarden/nginx",0,"https://hub.docker.com/r/bitwarden/nginx",5000000,3,"nginx",134,4,41,45
"3","nginx","arm64v8/nginx",0,"https://hub.docker.com/r/arm64v8/nginx",1000000,19,"nginx",118,3,40,43
"4","nginx","ppc64le/nginx",0,"https://hub.docker.com/r/ppc64le/nginx",1000000,1,"nginx",118,3,40,43
"5","nginx","schmunk42/nginx",0,"https://hub.docker.com/r/schmunk42/nginx",500000,1,"nginx",86,0,0,0
"6","nginx","edyan/nginx",0,"https://hub.docker.com/r/edyan/nginx",500000,1,"nginx",124,3,44,47
"7","nginx","amd64/nginx",0,"https://hub.docker.com/r/amd64/nginx",100000,2,"nginx",118,3,40,43
"8","nginx","s390x/nginx",0,"https://hub.docker.com/r/s390x/nginx",100000,1,"nginx",118,3,40,43
"9","nginx","i386/nginx",0,"https://hub.docker.com/r/i386/nginx",100000,1,"nginx",118,3,40,43
"10","nginx","ipunktbs/nginx",0,"https://hub.docker.com/r/ipunktbs/nginx",100000,-1,"nginx",130,2,24,26
"11","nginx","nvucinic/nginx",0,"https://hub.docker.com/r/nvucinic/nginx",100000,3,"nginx",151,1,20,21
"12","nginx","cloneme/nginx",0,"https://hub.docker.com/r/cloneme/nginx",50000,-1,"nginx",190,1,21,22
"13","nginx","an0t8/nginx",0,"https://hub.docker.com/r/an0t8/nginx",50000,-1,"nginx",121,2,36,38
"14","nginx","freenas/nginx",0,"https://hub.docker.com/r/freenas/nginx",50000,3,"nginx",140,3,31,34
"15","nginx","architek/nginx",0,"https://hub.docker.com/r/architek/nginx",50000,-1,"nginx",109,2,44,46
"16","nginx","kardasz/nginx",0,"https://hub.docker.com/r/kardasz/nginx",10000,-1,"nginx",132,1,20,21
"17","nginx","iadvize/nginx",0,"https://hub.docker.com/r/iadvize/nginx",500000,-1,"nginx",155,1,31,32
"18","nginx","fastwhitecat/nginx",0,"https://hub.docker.com/r/fastwhitecat/nginx",10000,4,"nginx",162,1,25,26
"19","nginx","verbling/nginx",0,"https://hub.docker.com/r/verbling/nginx",10000,-1,"nginx",108,1,18,19
"20","nginx","autopilotpattern/nginx",0,"https://hub.docker.com/r/autopilotpattern/nginx",10000,5,"nginx",143,1,17,18
"21","nginx","ley21/nginx",0,"https://hub.docker.com/r/ley21/nginx",10000,-1,"nginx",121,2,21,23
"22","nginx","pam79/nginx",0,"https://hub.docker.com/r/pam79/nginx",10000,-1,"nginx",118,3,40,43
"23","nginx","gregbk/nginx",0,"https://hub.docker.com/r/gregbk/nginx",100000,-1,"nginx",140,3,31,34
"24","nginx","c4tech/nginx",0,"https://hub.docker.com/r/c4tech/nginx",10000,-1,"nginx",108,2,36,38
"25","nginx","bearstech/nginx",0,"https://hub.docker.com/r/bearstech/nginx",8300,-1,"nginx",168,2,62,64
"26","nginx","frekele/nginx",0,"https://hub.docker.com/r/frekele/nginx",6200,4,"nginx",177,2,44,46
"27","nginx","vixlet/nginx",0,"https://hub.docker.com/r/vixlet/nginx",8800,1,"nginx",108,1,18,19
"28","nginx","jkoreska/nginx",0,"https://hub.docker.com/r/jkoreska/nginx",50000,-1,"nginx",86,0,0,0
"29","nginx","maersk/nginx",0,"https://hub.docker.com/r/maersk/nginx",10000,-1,"nginx",140,1,20,21
"30","nginx","mishamx/nginx",0,"https://hub.docker.com/r/mishamx/nginx",3200,-1,"nginx",131,3,40,43
"31","nginx","extremeshok/nginx",0,"https://hub.docker.com/r/extremeshok/nginx",10000,1,"nginx",98,3,37,40
"32","nginx","rgrmarketing/nginx",0,"https://hub.docker.com/r/rgrmarketing/nginx",10000,-1,"nginx",118,2,54,56
"33","nginx","ohmcoe/nginx",0,"https://hub.docker.com/r/ohmcoe/nginx",2900,-1,"nginx",118,3,40,43
"34","nginx","ardeveloppement/nginx",0,"https://hub.docker.com/r/ardeveloppement/nginx",2800,-1,"nginx",201,4,60,64
"35","nginx","garlic/nginx",0,"https://hub.docker.com/r/garlic/nginx",10000,1,"nginx",179,3,57,60
"36","nginx","centerx/nginx",0,"https://hub.docker.com/r/centerx/nginx",2300,-1,"nginx",118,3,39,42
"37","nginx","maxexcloo/nginx",0,"https://hub.docker.com/r/maxexcloo/nginx",2200,7,"nginx",200,1,33,34
"38","nginx","myprod/nginx",0,"https://hub.docker.com/r/myprod/nginx",1900,1,"nginx",122,3,57,60
"39","nginx","krispharper/nginx",0,"https://hub.docker.com/r/krispharper/nginx",10000,-1,"nginx",156,2,29,31
"40","nginx","wildme/nginx",0,"https://hub.docker.com/r/wildme/nginx",2200,-1,"nginx",108,2,39,41
"41","nginx","talklead/nginx",0,"https://hub.docker.com/r/talklead/nginx",10000,-1,"nginx",113,2,36,38
"42","nginx","mystrength/nginx",0,"https://hub.docker.com/r/mystrength/nginx",1600,-1,"nginx",177,3,43,46
"43","nginx","rainist/nginx",0,"https://hub.docker.com/r/rainist/nginx",1900,-1,"nginx",143,3,43,46
"44","nginx","dockette/nginx",0,"https://hub.docker.com/r/dockette/nginx",1800,3,"nginx",141,3,59,62
"45","nginx","extendedmind/nginx",0,"https://hub.docker.com/r/extendedmind/nginx",10000,-1,"nginx",140,1,20,21
"46","nginx","tianon/nginx",0,"https://hub.docker.com/r/tianon/nginx",1500,1,"nginx",140,3,31,34
"47","nginx","toru2220/nginx",0,"https://hub.docker.com/r/toru2220/nginx",1700,-1,"nginx",108,2,41,43
"48","nginx","yappabe/nginx",0,"https://hub.docker.com/r/yappabe/nginx",10000,3,"nginx",174,3,51,54
"49","nginx","vrtsystems/nginx",0,"https://hub.docker.com/r/vrtsystems/nginx",2200,-1,"nginx",173,5,71,76
"50","nginx","infomir/nginx",0,"https://hub.docker.com/r/infomir/nginx",1400,-1,"nginx",142,5,57,62
"51","nginx","gridium/nginx",0,"https://hub.docker.com/r/gridium/nginx",10000,-1,"nginx",108,2,41,43
"52","nginx","meuralnetgear/nginx",0,"https://hub.docker.com/r/meuralnetgear/nginx",1400,-1,"nginx",118,3,37,40
"53","nginx","mygento/nginx",0,"https://hub.docker.com/r/mygento/nginx",10000,-1,"nginx",151,3,59,62
"54","nginx","raisoft2008/nginx",0,"https://hub.docker.com/r/raisoft2008/nginx",10000,-1,"nginx",139,3,53,56
"55","nginx","exadra37/nginx",0,"https://hub.docker.com/r/exadra37/nginx",1800,1,"nginx",108,2,36,38
"56","nginx","nymediaas/nginx",0,"https://hub.docker.com/r/nymediaas/nginx",1000,-1,"nginx",108,2,36,38
"57","nginx","yannickvh/nginx",0,"https://hub.docker.com/r/yannickvh/nginx",1500,-1,"nginx",108,2,36,38
"58","nginx","alang/nginx",0,"https://hub.docker.com/r/alang/nginx",1700,-1,"nginx",108,2,41,43
"59","nginx","yavende/nginx",0,"https://hub.docker.com/r/yavende/nginx",1100,-1,"nginx",142,1,20,21
"60","nginx","hubberonline/nginx",0,"https://hub.docker.com/r/hubberonline/nginx",9100,-1,"nginx",179,3,60,63
"61","nginx","yavende/nginx",0,"https://hub.docker.com/r/yavende/nginx",1100,-1,"nginx",142,1,20,21
"62","nginx","cmptstks/nginx",0,"https://hub.docker.com/r/cmptstks/nginx",9000,-1,"nginx",108,2,41,43
"63","nginx","liorsep/nginx",0,"https://hub.docker.com/r/liorsep/nginx",8800,-1,"nginx",108,2,44,46
"64","nginx","datenbetrieb/nginx",0,"https://hub.docker.com/r/datenbetrieb/nginx",1100,-1,"nginx",215,5,63,68
"65","nginx","webfatorial/nginx",0,"https://hub.docker.com/r/webfatorial/nginx",986,-1,"nginx",108,2,21,23
"66","nginx","desertbit/nginx",0,"https://hub.docker.com/r/desertbit/nginx",1000,1,"nginx",108,2,36,38
"67","nginx","karrieretutor/nginx",0,"https://hub.docker.com/r/karrieretutor/nginx",7100,-1,"nginx",110,2,45,47
"68","nginx","magarvey/nginx",0,"https://hub.docker.com/r/magarvey/nginx",1100,-1,"nginx",119,1,18,19
"69","nginx","bnusunny/nginx",0,"https://hub.docker.com/r/bnusunny/nginx",6600,-1,"nginx",108,2,44,46
"70","nginx","nightech/nginx",0,"https://hub.docker.com/r/nightech/nginx",792,-1,"nginx",134,3,45,48
"71","nginx","pathwar/nginx",0,"https://hub.docker.com/r/pathwar/nginx",842,-1,"nginx",84,0,0,0
"72","nginx","asux/nginx",0,"https://hub.docker.com/r/asux/nginx",817,1,"nginx",108,2,36,38
"73","nginx","sphericaldefence/nginx",0,"https://hub.docker.com/r/sphericaldefence/nginx",5100,-1,"nginx",118,3,37,40
"74","nginx","fox91/nginx",0,"https://hub.docker.com/r/fox91/nginx",4900,-1,"nginx",140,3,31,34
"75","nginx","baffledbear/nginx",0,"https://hub.docker.com/r/baffledbear/nginx",941,-1,"nginx",391,3,79,82
"76","nginx","spalmalo/nginx",0,"https://hub.docker.com/r/spalmalo/nginx",798,-1,"nginx",140,1,20,21
"77","nginx","appertly/nginx",0,"https://hub.docker.com/r/appertly/nginx",906,1,"nginx",110,2,36,38
"78","nginx","uspgamedev/nginx",0,"https://hub.docker.com/r/uspgamedev/nginx",701,-1,"nginx",108,2,44,46
"79","nginx","racepace/nginx",0,"https://hub.docker.com/r/racepace/nginx",4600,-1,"nginx",113,2,21,23
"80","nginx","tomiti/nginx",0,"https://hub.docker.com/r/tomiti/nginx",845,-1,"nginx",108,2,36,38
"81","nginx","linuxconfig/nginx",0,"https://hub.docker.com/r/linuxconfig/nginx",701,1,"nginx",123,2,42,44
"82","nginx","opositatest/nginx",0,"https://hub.docker.com/r/opositatest/nginx",575,-1,"nginx",118,3,39,42
"83","nginx","opositatest/nginx",0,"https://hub.docker.com/r/opositatest/nginx",575,-1,"nginx",118,3,39,42
"84","nginx","passion4/nginx",0,"https://hub.docker.com/r/passion4/nginx",3700,-1,"nginx",106,2,21,23
"85","nginx","maaydin/nginx",0,"https://hub.docker.com/r/maaydin/nginx",3500,-1,"nginx",162,3,31,34
"86","nginx","rstarmer/nginx",0,"https://hub.docker.com/r/rstarmer/nginx",3300,-1,"nginx",108,2,41,43
"87","nginx","iacopo/nginx",0,"https://hub.docker.com/r/iacopo/nginx",492,-1,"nginx",168,1,22,23
"88","nginx","ikimea/nginx",0,"https://hub.docker.com/r/ikimea/nginx",3000,-1,"nginx",114,2,40,42
"89","nginx","aku1/nginx",0,"https://hub.docker.com/r/aku1/nginx",3000,-1,"nginx",220,1,28,29
"90","nginx","hleon256/nginx",0,"https://hub.docker.com/r/hleon256/nginx",455,-1,"nginx",140,1,20,21
"91","nginx","damiang/nginx",0,"https://hub.docker.com/r/damiang/nginx",429,-1,"nginx",108,2,36,38
"92","nginx","synopsis/nginx",0,"https://hub.docker.com/r/synopsis/nginx",458,-1,"nginx",108,2,36,38
"93","nginx","ginolegaltechparis/nginx",0,"https://hub.docker.com/r/ginolegaltechparis/nginx",2800,-1,"nginx",141,5,50,55
"94","nginx","misecichin/nginx",0,"https://hub.docker.com/r/misecichin/nginx",2900,-1,"nginx",108,2,41,43
"95","nginx","hubberlm/nginx",0,"https://hub.docker.com/r/hubberlm/nginx",2800,-1,"nginx",189,3,58,61
"96","nginx","aquaomri/nginx",0,"https://hub.docker.com/r/aquaomri/nginx",2700,-1,"nginx",106,2,21,23
"97","nginx","hubberlm/nginx",0,"https://hub.docker.com/r/hubberlm/nginx",2800,-1,"nginx",189,3,58,61
"98","nginx","portail/nginx",0,"https://hub.docker.com/r/portail/nginx",2600,-1,"nginx",108,2,44,46
"99","nginx","trainingteam/nginx",0,"https://hub.docker.com/r/trainingteam/nginx",2200,-1,"nginx",140,1,20,21
"100","nginx","weldpua2008/nginx",0,"https://hub.docker.com/r/weldpua2008/nginx",407,1,"nginx",140,1,20,21
"101","nginx","guesttoguest/nginx",0,"https://hub.docker.com/r/guesttoguest/nginx",319,-1,"nginx",168,1,22,23
"102","nginx","arvatolille/nginx",0,"https://hub.docker.com/r/arvatolille/nginx",1800,-1,"nginx",109,2,36,38
"103","nginx","actionspec/nginx",0,"https://hub.docker.com/r/actionspec/nginx",337,-1,"nginx",118,3,40,43
"104","nginx","cxdstepbystep/nginx",0,"https://hub.docker.com/r/cxdstepbystep/nginx",1700,-1,"nginx",118,3,37,40
"105","nginx","mobsted/nginx",0,"https://hub.docker.com/r/mobsted/nginx",1800,-1,"nginx",108,2,41,43
"106","nginx","sloppy/nginx",0,"https://hub.docker.com/r/sloppy/nginx",280,-1,"nginx",182,1,23,24
"107","cassandra","cassandra",1,"https://hub.docker.com/_/cassandra",10000000,1100,"cassandra",174,6,71,77
"108","cassandra","alexlukichev/cassandra",0,"https://hub.docker.com/r/alexlukichev/cassandra",100000,-1,"cassandra",231,1,22,23
"109","cassandra","i386/cassandra",0,"https://hub.docker.com/r/i386/cassandra",10000,-1,"cassandra",174,6,71,77
"110","cassandra","amd64/cassandra",0,"https://hub.docker.com/r/amd64/cassandra",10000,1,"cassandra",174,6,71,77
"111","cassandra","arm64v8/cassandra",0,"https://hub.docker.com/r/arm64v8/cassandra",10000,1,"cassandra",173,6,71,77
"112","cassandra","ppc64le/cassandra",0,"https://hub.docker.com/r/ppc64le/cassandra",10000,1,"cassandra",173,6,71,77
"113","cassandra","arhea/cassandra",0,"https://hub.docker.com/r/arhea/cassandra",10000,-1,"cassandra",182,3,42,45
"114","cassandra","tmobilecf/cassandra",0,"https://hub.docker.com/r/tmobilecf/cassandra",100000,-1,"cassandra",179,6,77,83
"115","cassandra","thingsboard/cassandra",0,"https://hub.docker.com/r/thingsboard/cassandra",100000,-1,"cassandra",172,4,51,55
"116","cassandra","karanp/cassandra",0,"https://hub.docker.com/r/karanp/cassandra",7600,-1,"cassandra",222,3,44,47
"117","cassandra","kiddom/cassandra",0,"https://hub.docker.com/r/kiddom/cassandra",50000,-1,"cassandra",172,4,51,55
"118","cassandra","rinscy/cassandra",0,"https://hub.docker.com/r/rinscy/cassandra",7400,-1,"cassandra",201,5,65,70
"119","cassandra","scalp42/cassandra",0,"https://hub.docker.com/r/scalp42/cassandra",4600,2,"cassandra",200,1,23,24
"120","cassandra","argussecurity/cassandra",0,"https://hub.docker.com/r/argussecurity/cassandra",4400,-1,"cassandra",322,2,33,35
"121","cassandra","crossvale/cassandra",0,"https://hub.docker.com/r/crossvale/cassandra",6700,-1,"cassandra",201,5,65,70
"122","cassandra","peerbelt/cassandra",0,"https://hub.docker.com/r/peerbelt/cassandra",1000,1,"cassandra",374,1,27,28
"123","cassandra","ncarlier/cassandra",0,"https://hub.docker.com/r/ncarlier/cassandra",1100,-1,"cassandra",236,1,24,25
"124","cassandra","alexcheng/cassandra",0,"https://hub.docker.com/r/alexcheng/cassandra",720,-1,"cassandra",172,4,51,55
"125","cassandra","bholt/cassandra",0,"https://hub.docker.com/r/bholt/cassandra",983,-1,"cassandra",345,1,25,26
"126","cassandra","jooyeong/cassandra",0,"https://hub.docker.com/r/jooyeong/cassandra",2600,-1,"cassandra",209,1,21,22
"127","cassandra","nafajardo/cassandra",0,"https://hub.docker.com/r/nafajardo/cassandra",2800,-1,"cassandra",177,3,41,44
"128","cassandra","integrisio/cassandra",0,"https://hub.docker.com/r/integrisio/cassandra",2100,-1,"cassandra",201,5,59,64
"129","cassandra","rebyn/cassandra",0,"https://hub.docker.com/r/rebyn/cassandra",291,-1,"cassandra",201,5,65,70
"130","cassandra","artemeff/cassandra",0,"https://hub.docker.com/r/artemeff/cassandra",2000,-1,"cassandra",201,5,65,70
"131","cassandra","kubekit/cassandra",0,"https://hub.docker.com/r/kubekit/cassandra",304,-1,"cassandra",175,0,0,0
"132","cassandra","smokserwis/cassandra",0,"https://hub.docker.com/r/smokserwis/cassandra",375,-1,"cassandra",123,4,55,59
"133","cassandra","navicore/cassandra",0,"https://hub.docker.com/r/navicore/cassandra",276,-1,"cassandra",212,2,40,42
"134","cassandra","bde2020/cassandra",0,"https://hub.docker.com/r/bde2020/cassandra",308,-1,"cassandra",222,1,24,25
"135","cassandra","thinkin/cassandra",0,"https://hub.docker.com/r/thinkin/cassandra",301,-1,"cassandra",172,3,40,43
"136","cassandra","pmdcosta/cassandra",0,"https://hub.docker.com/r/pmdcosta/cassandra",1400,-1,"cassandra",209,2,31,33
"137","cassandra","dreamlike/cassandra",0,"https://hub.docker.com/r/dreamlike/cassandra",273,-1,"cassandra",201,5,62,67
"138","cassandra","zzyin/cassandra",0,"https://hub.docker.com/r/zzyin/cassandra",1400,-1,"cassandra",212,2,40,42
"139","cassandra","databench/cassandra",0,"https://hub.docker.com/r/databench/cassandra",218,-1,"cassandra",201,5,65,70
"140","cassandra","codemonkeyai/cassandra",0,"https://hub.docker.com/r/codemonkeyai/cassandra",1000,-1,"cassandra",201,5,65,70
"141","cassandra","stefanofontanelli/cassandra",0,"https://hub.docker.com/r/stefanofontanelli/cassandra",199,1,"cassandra",268,1,15,16
"142","cassandra","hawkularqe/cassandra",0,"https://hub.docker.com/r/hawkularqe/cassandra",832,-1,"cassandra",199,2,40,42
"143","cassandra","joseenrique/cassandra",0,"https://hub.docker.com/r/joseenrique/cassandra",193,-1,"cassandra",201,5,65,70
"144","cassandra","jimthedev/cassandra",0,"https://hub.docker.com/r/jimthedev/cassandra",733,3,"cassandra",220,1,22,23
"145","cassandra","plainpicture/cassandra",0,"https://hub.docker.com/r/plainpicture/cassandra",679,-1,"cassandra",200,5,53,58
"146","cassandra","anthonyamanse/cassandra",0,"https://hub.docker.com/r/anthonyamanse/cassandra",651,-1,"cassandra",233,5,54,59
"147","cassandra","frederikschmidt/cassandra",0,"https://hub.docker.com/r/frederikschmidt/cassandra",629,-1,"cassandra",221,2,41,43
"148","cassandra","pat2man/cassandra",0,"https://hub.docker.com/r/pat2man/cassandra",130,-1,"cassandra",173,0,0,0
"149","cassandra","rainist/cassandra",0,"https://hub.docker.com/r/rainist/cassandra",138,-1,"cassandra",201,5,65,70
"150","cassandra","activeeon/cassandra",0,"https://hub.docker.com/r/activeeon/cassandra",486,-1,"cassandra",172,3,40,43
"151","cassandra","ndegory/cassandra",0,"https://hub.docker.com/r/ndegory/cassandra",118,-1,"cassandra",201,5,62,67
"152","cassandra","mcgregorandrew/cassandra",0,"https://hub.docker.com/r/mcgregorandrew/cassandra",110,-1,"cassandra",200,5,53,58
"153","cassandra","jcampan/cassandra",0,"https://hub.docker.com/r/jcampan/cassandra",432,-1,"cassandra",243,1,24,25
"154","cassandra","audris/cassandra",0,"https://hub.docker.com/r/audris/cassandra",97,1,"cassandra",348,1,37,38
"155","cassandra","coinpit/cassandra",0,"https://hub.docker.com/r/coinpit/cassandra",352,-1,"cassandra",211,1,27,28
"156","cassandra","teja0957/cassandra",0,"https://hub.docker.com/r/teja0957/cassandra",290,-1,"cassandra",172,4,62,66
"157","cassandra","ignatiusyeow/cassandra",0,"https://hub.docker.com/r/ignatiusyeow/cassandra",74,-1,"cassandra",200,1,23,24
"158","cassandra","vovimayhem/cassandra",0,"https://hub.docker.com/r/vovimayhem/cassandra",257,-1,"cassandra",191,1,20,21
"159","cassandra","mehditazi/cassandra",0,"https://hub.docker.com/r/mehditazi/cassandra",65,-1,"cassandra",199,2,33,35
"160","cassandra","epenia/cassandra",0,"https://hub.docker.com/r/epenia/cassandra",248,-1,"cassandra",222,1,24,25
"161","cassandra","openkbs/cassandra",0,"https://hub.docker.com/r/openkbs/cassandra",208,1,"cassandra",200,5,62,67
"162","cassandra","xomaod/cassandra",0,"https://hub.docker.com/r/xomaod/cassandra",79,-1,"cassandra",220,1,22,23
"163","cassandra","podgroup/cassandra",0,"https://hub.docker.com/r/podgroup/cassandra",60,1,"cassandra",201,5,65,70
"164","cassandra","kubegun/cassandra",0,"https://hub.docker.com/r/kubegun/cassandra",197,-1,"cassandra",231,1,24,25
"165","cassandra","wen777/cassandra",0,"https://hub.docker.com/r/wen777/cassandra",196,-1,"cassandra",215,3,47,50
"166","cassandra","lucilecoutouly/cassandra",0,"https://hub.docker.com/r/lucilecoutouly/cassandra",207,-1,"cassandra",316,5,52,57
"167","cassandra","iwsaas/cassandra",0,"https://hub.docker.com/r/iwsaas/cassandra",183,-1,"cassandra",220,1,21,22
"168","cassandra","dslabhhn/cassandra",0,"https://hub.docker.com/r/dslabhhn/cassandra",193,-1,"cassandra",199,2,40,42
"169","cassandra","meabed/cassandra",0,"https://hub.docker.com/r/meabed/cassandra",175,-1,"cassandra",405,0,0,0
"170","cassandra","sdtdensimag/cassandra",0,"https://hub.docker.com/r/sdtdensimag/cassandra",169,-1,"cassandra",201,5,65,70
"171","cassandra","rupeshrajkarn/cassandra",0,"https://hub.docker.com/r/rupeshrajkarn/cassandra",166,-1,"cassandra",249,4,65,69
"172","cassandra","meabed/cassandra",0,"https://hub.docker.com/r/meabed/cassandra",175,-1,"cassandra",405,0,0,0
"173","cassandra","criblesoftware/cassandra",0,"https://hub.docker.com/r/criblesoftware/cassandra",58,-1,"cassandra",203,2,33,35
"174","cassandra","prajnainc/cassandra",0,"https://hub.docker.com/r/prajnainc/cassandra",53,-1,"cassandra",203,2,40,42
"175","cassandra","prajnainc/cassandra",0,"https://hub.docker.com/r/prajnainc/cassandra",53,-1,"cassandra",203,2,40,42
"176","cassandra","lesongjia/cassandra",0,"https://hub.docker.com/r/lesongjia/cassandra",127,-1,"cassandra",220,1,21,22
"177","cassandra","frosenberg/cassandra",0,"https://hub.docker.com/r/frosenberg/cassandra",136,-1,"cassandra",175,0,0,0
"178","cassandra","lesongjia/cassandra",0,"https://hub.docker.com/r/lesongjia/cassandra",127,-1,"cassandra",220,1,21,22
"179","cassandra","lrodriguez2002cu/cassandra",0,"https://hub.docker.com/r/lrodriguez2002cu/cassandra",41,-1,"cassandra",205,5,65,70
"180","cassandra","datawiseio/cassandra",0,"https://hub.docker.com/r/datawiseio/cassandra",121,-1,"cassandra",220,1,22,23
"181","cassandra","huahaiy/cassandra",0,"https://hub.docker.com/r/huahaiy/cassandra",114,-1,"cassandra",139,0,0,0
"182","cassandra","shashankkoppar/cassandra",0,"https://hub.docker.com/r/shashankkoppar/cassandra",120,-1,"cassandra",222,5,54,59
"183","cassandra","huahaiy/cassandra",0,"https://hub.docker.com/r/huahaiy/cassandra",114,-1,"cassandra",139,0,0,0
"184","cassandra","eliocity/cassandra",0,"https://hub.docker.com/r/eliocity/cassandra",108,-1,"cassandra",199,1,23,24
"185","cassandra","kiskae/cassandra",0,"https://hub.docker.com/r/kiskae/cassandra",95,-1,"cassandra",242,0,0,0
"186","cassandra","austburn/cassandra",0,"https://hub.docker.com/r/austburn/cassandra",95,-1,"cassandra",222,1,24,25
"187","cassandra","austburn/cassandra",0,"https://hub.docker.com/r/austburn/cassandra",95,-1,"cassandra",222,1,24,25
"188","cassandra","stefanjacobs123/cassandra",0,"https://hub.docker.com/r/stefanjacobs123/cassandra",97,-1,"cassandra",170,0,0,0
"189","cassandra","landier/cassandra",0,"https://hub.docker.com/r/landier/cassandra",87,-1,"cassandra",220,1,22,23
"190","cassandra","ocaner/cassandra",0,"https://hub.docker.com/r/ocaner/cassandra",86,-1,"cassandra",212,1,23,24
"191","cassandra","fabiomendescom/cassandra",0,"https://hub.docker.com/r/fabiomendescom/cassandra",90,-1,"cassandra",221,1,22,23
"192","cassandra","datasolvr/cassandra",0,"https://hub.docker.com/r/datasolvr/cassandra",83,-1,"cassandra",200,1,23,24
"193","cassandra","landier/cassandra",0,"https://hub.docker.com/r/landier/cassandra",87,-1,"cassandra",220,1,22,23
"194","cassandra","vfang/cassandra",0,"https://hub.docker.com/r/vfang/cassandra",79,-1,"cassandra",200,1,23,24
"195","cassandra","nirmalgupta/cassandra",0,"https://hub.docker.com/r/nirmalgupta/cassandra",81,-1,"cassandra",222,1,24,25
"196","cassandra","datasolvr/cassandra",0,"https://hub.docker.com/r/datasolvr/cassandra",83,-1,"cassandra",200,1,23,24
"197","cassandra","gerbermichi/cassandra",0,"https://hub.docker.com/r/gerbermichi/cassandra",81,-1,"cassandra",199,2,40,42
"198","cassandra","sillelien/cassandra",0,"https://hub.docker.com/r/sillelien/cassandra",69,-1,"cassandra",220,1,22,23
"199","cassandra","aolins/cassandra",0,"https://hub.docker.com/r/aolins/cassandra",23,-1,"cassandra",221,5,66,71
"200","cassandra","macfly/cassandra",0,"https://hub.docker.com/r/macfly/cassandra",23,-1,"cassandra",201,5,65,70
"201","cassandra","kolesnikovkonstantin/cassandra",0,"https://hub.docker.com/r/kolesnikovkonstantin/cassandra",61,-1,"cassandra",225,1,24,25
"202","cassandra","rithium/cassandra",0,"https://hub.docker.com/r/rithium/cassandra",55,-1,"cassandra",264,5,59,64
"203","cassandra","rithium/cassandra",0,"https://hub.docker.com/r/rithium/cassandra",55,-1,"cassandra",264,5,59,64
"204","cassandra","akhs/cassandra",0,"https://hub.docker.com/r/akhs/cassandra",35,-1,"cassandra",225,8,85,93
"205","cassandra","bayraktar/cassandra",0,"https://hub.docker.com/r/bayraktar/cassandra",33,-1,"cassandra",201,5,65,70
"206","cassandra","bayraktar/cassandra",0,"https://hub.docker.com/r/bayraktar/cassandra",33,-1,"cassandra",201,5,65,70
"207","cassandra","ad681s/cassandra",0,"https://hub.docker.com/r/ad681s/cassandra",24,-1,"cassandra",201,5,65,70
"208","cassandra","benclarkwood/cassandra",0,"https://hub.docker.com/r/benclarkwood/cassandra",23,-1,"cassandra",205,5,69,74
"209","cassandra","jjusianiec/cassandra",0,"https://hub.docker.com/r/jjusianiec/cassandra",21,-1,"cassandra",172,2,28,30
"210","cassandra","dnioqfp/cassandra",0,"https://hub.docker.com/r/dnioqfp/cassandra",8,-1,"cassandra",170,0,0,0
"211","cassandra","lashin/cassandra",0,"https://hub.docker.com/r/lashin/cassandra",16,-1,"cassandra",229,7,88,95
"212","cassandra","admatic/cassandra",0,"https://hub.docker.com/r/admatic/cassandra",14,-1,"cassandra",174,6,71,77
"213","cassandra","admatic/cassandra",0,"https://hub.docker.com/r/admatic/cassandra",14,-1,"cassandra",174,6,71,77
"214","cassandra","devcamaws/cassandra",0,"https://hub.docker.com/r/devcamaws/cassandra",14,-1,"cassandra",172,4,55,59
"215","cassandra","gisecaromartinez/cassandra",0,"https://hub.docker.com/r/gisecaromartinez/cassandra",12,-1,"cassandra",172,6,70,76
"216","cassandra","dabansal/cassandra",0,"https://hub.docker.com/r/dabansal/cassandra",11,-1,"cassandra",172,4,51,55
"217","cassandra","jmaulion/cassandra",0,"https://hub.docker.com/r/jmaulion/cassandra",11,-1,"cassandra",172,4,62,66
"218","cassandra","dillonlin/cassandra",0,"https://hub.docker.com/r/dillonlin/cassandra",8,-1,"cassandra",169,2,27,29
"219","cassandra","royjoydeep1/cassandra",0,"https://hub.docker.com/r/royjoydeep1/cassandra",8,-1,"cassandra",172,6,70,76
"220","cassandra","royjoydeep1/cassandra",0,"https://hub.docker.com/r/royjoydeep1/cassandra",8,-1,"cassandra",172,6,70,76
"221","cassandra","vasanthkalli/cassandra",0,"https://hub.docker.com/r/vasanthkalli/cassandra",6,-1,"cassandra",172,4,62,66
"222","java","java",1,"https://hub.docker.com/_/java",10000000,2000,"java",313,4,42,46
"223","java","canopytax/java",0,"https://hub.docker.com/r/canopytax/java",10000,-1,"java",257,4,95,99
"224","java","circleci/java",0,"https://hub.docker.com/r/circleci/java",100000,2,"java",310,4,55,59
"225","java","almundo/java",0,"https://hub.docker.com/r/almundo/java",8400,-1,"java",295,2,49,51
"226","java","maxexcloo/java",0,"https://hub.docker.com/r/maxexcloo/java",10000,7,"java",216,1,33,34
"227","java","i386/java",0,"https://hub.docker.com/r/i386/java",3600,-1,"java",313,1,22,23
"228","java","i386/java",0,"https://hub.docker.com/r/i386/java",3600,-1,"java",313,1,22,23
"229","java","ppc64le/java",0,"https://hub.docker.com/r/ppc64le/java",2400,-1,"java",309,1,22,23
"230","java","bigtruedata/java",0,"https://hub.docker.com/r/bigtruedata/java",1800,-1,"java",166,4,34,38
"231","java","s390x/java",0,"https://hub.docker.com/r/s390x/java",1800,-1,"java",308,1,22,23
"232","java","hunet/java",0,"https://hub.docker.com/r/hunet/java",6300,-1,"java",166,4,34,38
"233","java","concreteplatform/java",0,"https://hub.docker.com/r/concreteplatform/java",5900,-1,"java",395,4,68,72
"234","java","concreteplatform/java",0,"https://hub.docker.com/r/concreteplatform/java",5900,-1,"java",395,4,68,72
"235","java","hybsearch/java",0,"https://hub.docker.com/r/hybsearch/java",5700,-1,"java",142,4,50,54
"236","java","versates/java",0,"https://hub.docker.com/r/versates/java",828,1,"java",126,2,42,44
"237","java","fruitionsciences/java",0,"https://hub.docker.com/r/fruitionsciences/java",3900,-1,"java",733,6,108,114
"238","java","committed/java",0,"https://hub.docker.com/r/committed/java",555,2,"java",147,1,22,23
"239","java","jpgriffo/java",0,"https://hub.docker.com/r/jpgriffo/java",409,-1,"java",510,0,0,0
"240","java","tedneward/java",0,"https://hub.docker.com/r/tedneward/java",359,-1,"java",329,0,1,1
"241","java","gcarre/java",0,"https://hub.docker.com/r/gcarre/java",1200,-1,"java",100,0,0,0
"242","java","gcarre/java",0,"https://hub.docker.com/r/gcarre/java",1200,-1,"java",100,0,0,0
"243","java","kavlez/java",0,"https://hub.docker.com/r/kavlez/java",1000,1,"java",317,2,34,36
"244","java","vkarassouloff/java",0,"https://hub.docker.com/r/vkarassouloff/java",214,-1,"java",132,3,31,34
"245","java","sofitlabs/java",0,"https://hub.docker.com/r/sofitlabs/java",182,-1,"java",145,1,20,21
"246","java","bibbox/java",0,"https://hub.docker.com/r/bibbox/java",169,-1,"java",133,1,20,21
"247","java","bearstech/java",0,"https://hub.docker.com/r/bearstech/java",535,-1,"java",203,2,62,64
"248","java","glot/java",0,"https://hub.docker.com/r/glot/java",503,2,"java",313,4,42,46
"249","java","dexec/java",0,"https://hub.docker.com/r/dexec/java",457,-1,"java",133,1,18,19
"250","java","naturalintelligence/java",0,"https://hub.docker.com/r/naturalintelligence/java",438,-1,"java",310,1,20,21
"251","java","genebarker/java",0,"https://hub.docker.com/r/genebarker/java",125,-1,"java",153,4,46,50
"252","java","gpdowning/java",0,"https://hub.docker.com/r/gpdowning/java",402,1,"java",313,0,3,3
"253","java","mschoch/java",0,"https://hub.docker.com/r/mschoch/java",111,-1,"java",146,0,0,0
"254","java","netknight/java",0,"https://hub.docker.com/r/netknight/java",115,1,"java",334,1,36,37
"255","mongo","quilt/mongo",0,"https://hub.docker.com/r/quilt/mongo",100000,-1,"mongo",136,3,44,47
"256","mongo","kardasz/mongodb",0,"https://hub.docker.com/r/kardasz/mongodb",10000,-1,"mongo",134,1,20,21
"257","mongo","quadstingray/mongodb",0,"https://hub.docker.com/r/quadstingray/mongodb",10000,3,"mongo",127,3,49,52
"258","mongo","songshenzong/mongo",0,"https://hub.docker.com/r/songshenzong/mongo",10000,1,"mongo",112,3,41,44
"259","mongo","buddy/mongo",0,"https://hub.docker.com/r/buddy/mongo",10000,-1,"mongo",89,0,0,0
"260","mongo","aptible/mongodb",0,"https://hub.docker.com/r/aptible/mongodb",100000,-1,"mongo",149,4,63,67
"261","mongo","uwitech/mongodb",0,"https://hub.docker.com/r/uwitech/mongodb",7900,-1,"mongo",112,3,41,44
"262","mongo","kapost/mongo",0,"https://hub.docker.com/r/kapost/mongo",50000,-1,"mongo",91,0,0,0
"263","mongo","e96tech/mongo",0,"https://hub.docker.com/r/e96tech/mongo",5800,-1,"mongo",122,3,44,47
"264","mongo","mapic/mongo",0,"https://hub.docker.com/r/mapic/mongo",7300,-1,"mongo",112,3,41,44
"265","mongo","notnoopci/mongo",0,"https://hub.docker.com/r/notnoopci/mongo",6600,-1,"mongo",112,3,41,44
"266","mongo","scullxbones/mongodb",0,"https://hub.docker.com/r/scullxbones/mongodb",5300,-1,"mongo",124,3,49,52
"267","mongo","coco/mongodb",0,"https://hub.docker.com/r/coco/mongodb",50000,-1,"mongo",107,0,0,0
"268","mongo","konstruktoid/mongodb",0,"https://hub.docker.com/r/konstruktoid/mongodb",3900,-1,"mongo",119,3,45,48
"269","mongo","dockershelf/mongo",0,"https://hub.docker.com/r/dockershelf/mongo",5900,1,"mongo",135,3,37,40
"270","mongo","konstruktoid/mongodb",0,"https://hub.docker.com/r/konstruktoid/mongodb",3900,-1,"mongo",119,3,45,48
"271","mongo","washpost/mongodb",0,"https://hub.docker.com/r/washpost/mongodb",3000,-1,"mongo",135,3,32,35
"272","mongo","nrandell/mongo",0,"https://hub.docker.com/r/nrandell/mongo",10000,-1,"mongo",86,0,0,0
"273","mongo","finboxio/mongo",0,"https://hub.docker.com/r/finboxio/mongo",10000,-1,"mongo",181,2,33,35
"274","mongo","skandyla/mongo",0,"https://hub.docker.com/r/skandyla/mongo",1500,-1,"mongo",112,3,42,45
"275","mongo","enas/mongo",0,"https://hub.docker.com/r/enas/mongo",10000,-1,"mongo",112,3,42,45
"276","mongo","petrasystems/mongodb",0,"https://hub.docker.com/r/petrasystems/mongodb",10000,-1,"mongo",113,5,53,58
"277","mongo","imolko/mongo",0,"https://hub.docker.com/r/imolko/mongo",1500,-1,"mongo",132,3,45,48
"278","mongo","chromapdx/mongo",0,"https://hub.docker.com/r/chromapdx/mongo",9400,-1,"mongo",89,0,0,0
"279","mongo","loblaw/mongodb",0,"https://hub.docker.com/r/loblaw/mongodb",9700,-1,"mongo",112,2,26,28
"280","mongo","kymy/mongodb",0,"https://hub.docker.com/r/kymy/mongodb",846,-1,"mongo",112,2,26,28
"281","mongo","imolko/mongodb",0,"https://hub.docker.com/r/imolko/mongodb",699,-1,"mongo",114,0,0,0
"282","mongo","adinstruments/mongo",0,"https://hub.docker.com/r/adinstruments/mongo",589,-1,"mongo",89,0,0,0
"283","mongo","blkpark/mongodb",0,"https://hub.docker.com/r/blkpark/mongodb",472,-1,"mongo",112,3,41,44
"284","mongo","itiqiti/mongodb",0,"https://hub.docker.com/r/itiqiti/mongodb",510,1,"mongo",135,3,41,44
"285","mongo","therealajr/mongo",0,"https://hub.docker.com/r/therealajr/mongo",449,-1,"mongo",107,3,40,43
"286","mongo","mravi/mongodb",0,"https://hub.docker.com/r/mravi/mongodb",2900,-1,"mongo",113,3,41,44
"287","mongo","safaksaylam/mongodb",0,"https://hub.docker.com/r/safaksaylam/mongodb",399,-1,"mongo",112,4,47,51
"288","mongo","guesttoguest/mongodb",0,"https://hub.docker.com/r/guesttoguest/mongodb",374,-1,"mongo",134,1,18,19
"289","mongo","patrickosborne/mongo",0,"https://hub.docker.com/r/patrickosborne/mongo",457,-1,"mongo",115,2,39,41
"290","mongo","jbanetwork/mongodb",0,"https://hub.docker.com/r/jbanetwork/mongodb",344,-1,"mongo",112,1,22,23
"291","mongo","stormshield/mongodb",0,"https://hub.docker.com/r/stormshield/mongodb",1800,-1,"mongo",153,4,66,70
"292","mongo","almasry/mongodb",0,"https://hub.docker.com/r/almasry/mongodb",297,-1,"mongo",112,3,31,34
"293","mongo","lukaszm/mongodb",0,"https://hub.docker.com/r/lukaszm/mongodb",264,-1,"mongo",138,1,22,23
"294","mongo","davidtp1/mongo",0,"https://hub.docker.com/r/davidtp1/mongo",1500,-1,"mongo",89,0,0,0
"295","mongo","geru/mongodb",0,"https://hub.docker.com/r/geru/mongodb",246,-1,"mongo",112,3,41,44
"296","mongo","cburki/mongodb",0,"https://hub.docker.com/r/cburki/mongodb",279,-1,"mongo",123,2,29,31
"297","mongo","scottabernethy/mongodb",0,"https://hub.docker.com/r/scottabernethy/mongodb",1300,-1,"mongo",138,1,20,21
"298","mongo","babim/mongodb",0,"https://hub.docker.com/r/babim/mongodb",1200,-1,"mongo",132,2,39,41
"299","mongo","spakmaro/mongo",0,"https://hub.docker.com/r/spakmaro/mongo",1200,-1,"mongo",112,3,42,45
"300","mongo","derdiedasjojo/mongodb",0,"https://hub.docker.com/r/derdiedasjojo/mongodb",219,-1,"mongo",93,0,0,0
"301","mongo","babim/mongodb",0,"https://hub.docker.com/r/babim/mongodb",1200,-1,"mongo",132,2,39,41
"302","mongo","derdiedasjojo/mongodb",0,"https://hub.docker.com/r/derdiedasjojo/mongodb",219,-1,"mongo",93,0,0,0
"303","mongo","tcaxias/mongodb",0,"https://hub.docker.com/r/tcaxias/mongodb",314,-1,"mongo",144,3,52,55
"304","mongo","geschke/mongodb",0,"https://hub.docker.com/r/geschke/mongodb",210,-1,"mongo",134,1,20,21
"305","mongo","ikoobdevops/mongodb",0,"https://hub.docker.com/r/ikoobdevops/mongodb",197,-1,"mongo",115,3,38,41
"306","mongo","v3rg1l/mongodb",0,"https://hub.docker.com/r/v3rg1l/mongodb",183,-1,"mongo",112,3,38,41
"307","mongo","twistedogic/mongo",0,"https://hub.docker.com/r/twistedogic/mongo",181,-1,"mongo",112,3,41,44
"308","mongo","cloudboost/mongo",0,"https://hub.docker.com/r/cloudboost/mongo",168,-1,"mongo",115,3,38,41
"309","mongo","edisonchat/mongodb",0,"https://hub.docker.com/r/edisonchat/mongodb",810,-1,"mongo",114,4,47,51
"310","mongo","positron/mongo",0,"https://hub.docker.com/r/positron/mongo",202,1,"mongo",112,3,41,44
"311","mongo","erasmolpa/mongo",0,"https://hub.docker.com/r/erasmolpa/mongo",138,1,"mongo",108,0,0,0
"312","mongo","triply/mongodb",0,"https://hub.docker.com/r/triply/mongodb",203,1,"mongo",108,0,0,0
"313","mongo","airdock/mongodb",0,"https://hub.docker.com/r/airdock/mongodb",657,-1,"mongo",136,4,42,46
"314","mongo","sommereng/mongodb",0,"https://hub.docker.com/r/sommereng/mongodb",153,-1,"mongo",113,3,32,35
"315","mongo","falinux/mongodb",0,"https://hub.docker.com/r/falinux/mongodb",124,-1,"mongo",380,1,25,26
"316","mongo","falinux/mongodb",0,"https://hub.docker.com/r/falinux/mongodb",124,-1,"mongo",380,1,25,26
"317","mongo","peerlibrary/mongodb",0,"https://hub.docker.com/r/peerlibrary/mongodb",450,-1,"mongo",124,0,0,0
"318","mongo","commandeonline/mongo",0,"https://hub.docker.com/r/commandeonline/mongo",106,-1,"mongo",89,0,0,0
"319","mongo","commandeonline/mongo",0,"https://hub.docker.com/r/commandeonline/mongo",106,-1,"mongo",89,0,0,0
"320","mongo","puffinrocks/mongo",0,"https://hub.docker.com/r/puffinrocks/mongo",85,-1,"mongo",89,0,0,0
"321","mongo","ultra2/mongo",0,"https://hub.docker.com/r/ultra2/mongo",347,-1,"mongo",112,3,31,34
"322","mongo","teknologist/mongo",0,"https://hub.docker.com/r/teknologist/mongo",350,-1,"mongo",107,0,0,0
"323","mongo","oriaks/mongodb",0,"https://hub.docker.com/r/oriaks/mongodb",73,-1,"mongo",111,3,31,34
"324","mongo","oriaks/mongodb",0,"https://hub.docker.com/r/oriaks/mongodb",73,-1,"mongo",111,3,31,34
"325","mongo","venosyd/mongo",0,"https://hub.docker.com/r/venosyd/mongo",93,2,"mongo",120,1,18,19
"326","mongo","kharmajbird/mongo",0,"https://hub.docker.com/r/kharmajbird/mongo",289,-1,"mongo",112,2,26,28
"327","mongo","kharmajbird/mongo",0,"https://hub.docker.com/r/kharmajbird/mongo",289,-1,"mongo",112,2,26,28
"328","mongo","jojo13572001/mongodb",0,"https://hub.docker.com/r/jojo13572001/mongodb",68,-1,"mongo",106,0,0,0
"329","mongo","smartua/mongodb",0,"https://hub.docker.com/r/smartua/mongodb",65,-1,"mongo",110,2,26,28
"330","mongo","catapulte/mongodb",0,"https://hub.docker.com/r/catapulte/mongodb",62,-1,"mongo",112,2,29,31
"331","mongo","blburns/mongo",0,"https://hub.docker.com/r/blburns/mongo",235,-1,"mongo",112,3,38,41
"332","mongo","catapulte/mongodb",0,"https://hub.docker.com/r/catapulte/mongodb",62,-1,"mongo",112,2,29,31
"333","mongo","aminjam/mongodb",0,"https://hub.docker.com/r/aminjam/mongodb",207,-1,"mongo",99,0,0,0
"334","mongo","vase/mongo",0,"https://hub.docker.com/r/vase/mongo",72,-1,"mongo",113,3,32,35
"335","mongo","lucianmachado/mongo",0,"https://hub.docker.com/r/lucianmachado/mongo",180,-1,"mongo",112,3,42,45
"336","mongo","mgbi/mongo",0,"https://hub.docker.com/r/mgbi/mongo",169,-1,"mongo",113,4,46,50
"337","mongo","mgbi/mongo",0,"https://hub.docker.com/r/mgbi/mongo",169,-1,"mongo",113,4,46,50
"338","mongo","pivote/mongo",0,"https://hub.docker.com/r/pivote/mongo",168,-1,"mongo",113,3,32,35
"339","mongo","kengsarun/mongo",0,"https://hub.docker.com/r/kengsarun/mongo",155,-1,"mongo",89,0,0,0
"340","mongo","akaillidan/mongodb",0,"https://hub.docker.com/r/akaillidan/mongodb",158,-1,"mongo",112,3,38,41
"341","mongo","evoman91/mongodb",0,"https://hub.docker.com/r/evoman91/mongodb",160,-1,"mongo",205,1,22,23
"342","mongo","kengsarun/mongo",0,"https://hub.docker.com/r/kengsarun/mongo",155,-1,"mongo",89,0,0,0
"343","mongo","evoman91/mongodb",0,"https://hub.docker.com/r/evoman91/mongodb",160,-1,"mongo",205,1,22,23
"344","mongo","dockerautomation1/mongo",0,"https://hub.docker.com/r/dockerautomation1/mongo",146,-1,"mongo",107,0,0,0
"345","mongo","dockerautomation1/mongo",0,"https://hub.docker.com/r/dockerautomation1/mongo",146,-1,"mongo",107,0,0,0
"346","mongo","mcuz/mongo",0,"https://hub.docker.com/r/mcuz/mongo",46,-1,"mongo",88,0,0,0
"347","mongo","mcuz/mongo",0,"https://hub.docker.com/r/mcuz/mongo",46,-1,"mongo",88,0,0,0
"348","mongo","aleksandrovd/mongo",0,"https://hub.docker.com/r/aleksandrovd/mongo",145,-1,"mongo",107,0,0,0
"349","mysql","mysql",1,"https://hub.docker.com/_/mysql",10000000,9100,"mysql",117,3,47,50
"350","mysql","circleci/mysql",0,"https://hub.docker.com/r/circleci/mysql",10000000,16,"mysql",117,3,47,50
"351","mysql","idoall/mysql",0,"https://hub.docker.com/r/idoall/mysql",100000,3,"mysql",118,2,30,32
"352","mysql","kuberdock/mysql",0,"https://hub.docker.com/r/kuberdock/mysql",100000,1,"mysql",118,1,21,22
"353","mysql","autopilotpattern/mysql",0,"https://hub.docker.com/r/autopilotpattern/mysql",50000,6,"mysql",196,3,43,46
"354","mysql","amd64/mysql",0,"https://hub.docker.com/r/amd64/mysql",50000,-1,"mysql",117,3,47,50
"355","mysql","softwareplant/mysql",0,"https://hub.docker.com/r/softwareplant/mysql",10000,-1,"mysql",144,4,65,69
"356","mysql","google/mysql",0,"https://hub.docker.com/r/google/mysql",10000,18,"mysql",144,0,0,0
"357","mysql","healthcheck/mysql",0,"https://hub.docker.com/r/healthcheck/mysql",500000,5,"mysql",117,3,47,50
"358","mysql","cloudposse/mysql",0,"https://hub.docker.com/r/cloudposse/mysql",500000,-1,"mysql",126,2,32,34
"359","mysql","docksal/mysql",0,"https://hub.docker.com/r/docksal/mysql",10000,-1,"mysql",113,2,41,43
"360","mysql","heathrow/mysql",0,"https://hub.docker.com/r/heathrow/mysql",10000,-1,"mysql",117,2,41,43
"361","mysql","buddy/mysql",0,"https://hub.docker.com/r/buddy/mysql",10000,-1,"mysql",182,1,27,28
"362","mysql","tugboatqa/mysql",0,"https://hub.docker.com/r/tugboatqa/mysql",10000,-1,"mysql",211,5,90,95
"363","mysql","keybaseprivate/mysql",0,"https://hub.docker.com/r/keybaseprivate/mysql",100000,-1,"mysql",117,1,21,22
"364","mysql","songshenzong/mysql",0,"https://hub.docker.com/r/songshenzong/mysql",9400,1,"mysql",123,3,41,44
"365","mysql","frilansfinansse/mysql",0,"https://hub.docker.com/r/frilansfinansse/mysql",9300,-1,"mysql",117,1,21,22
"366","mysql","aptible/mysql",0,"https://hub.docker.com/r/aptible/mysql",100000,1,"mysql",155,4,68,72
"367","mysql","caperneoignis/mysql",0,"https://hub.docker.com/r/caperneoignis/mysql",10000,-1,"mysql",118,3,42,45
"368","mysql","danmactough/mysql",0,"https://hub.docker.com/r/danmactough/mysql",6100,1,"mysql",118,1,21,22
"369","mysql","mishamx/mysql",0,"https://hub.docker.com/r/mishamx/mysql",6400,-1,"mysql",123,3,41,44
"370","mysql","karhoo/mysql",0,"https://hub.docker.com/r/karhoo/mysql",50000,-1,"mysql",117,2,34,36
"371","mysql","azukiapp/mysql",0,"https://hub.docker.com/r/azukiapp/mysql",7700,2,"mysql",117,1,18,19
"372","mysql","ilios/mysql",0,"https://hub.docker.com/r/ilios/mysql",5800,1,"mysql",117,3,46,49
"373","mysql","pivotalenablement/mysql",0,"https://hub.docker.com/r/pivotalenablement/mysql",50000,-1,"mysql",207,1,31,32
"374","mysql","labdocker/mysql",0,"https://hub.docker.com/r/labdocker/mysql",4000,-1,"mysql",117,2,34,36
"375","mysql","xalt/mysql",0,"https://hub.docker.com/r/xalt/mysql",6900,-1,"mysql",137,3,32,35
"376","mysql","datajoint/mysql",0,"https://hub.docker.com/r/datajoint/mysql",5700,1,"mysql",117,3,47,50
"377","mysql","ascendhit/mysql",0,"https://hub.docker.com/r/ascendhit/mysql",6800,-1,"mysql",117,1,23,24
"378","mysql","klabs/mysql",0,"https://hub.docker.com/r/klabs/mysql",4900,-1,"mysql",117,3,41,44
"379","mysql","ccistaging/mysql",0,"https://hub.docker.com/r/ccistaging/mysql",3800,-1,"mysql",117,3,47,50
"380","mysql","notnoopci/mysql",0,"https://hub.docker.com/r/notnoopci/mysql",4900,-1,"mysql",123,3,41,44
"381","mysql","codenvy/mysql",0,"https://hub.docker.com/r/codenvy/mysql",10000,1,"mysql",118,1,21,22
"382","mysql","dockerizedrupal/mysql",0,"https://hub.docker.com/r/dockerizedrupal/mysql",3000,-1,"mysql",270,1,48,49
"383","mysql","ibmcase/mysql",0,"https://hub.docker.com/r/ibmcase/mysql",10000,-1,"mysql",150,3,42,45
"384","mysql","tamurayoshiya/mysql",0,"https://hub.docker.com/r/tamurayoshiya/mysql",3000,-1,"mysql",92,0,0,0
"385","mysql","jkosgei/mysql",0,"https://hub.docker.com/r/jkosgei/mysql",10000,-1,"mysql",118,1,21,22
"386","mysql","jkosgei/mysql",0,"https://hub.docker.com/r/jkosgei/mysql",10000,-1,"mysql",118,1,21,22
"387","mysql","keopx/mysql",0,"https://hub.docker.com/r/keopx/mysql",3600,1,"mysql",162,5,67,72
"388","mysql","trollin/mysql",0,"https://hub.docker.com/r/trollin/mysql",10000,-1,"mysql",117,2,41,43
"389","mysql","orcamicroservices/mysql",0,"https://hub.docker.com/r/orcamicroservices/mysql",10000,-1,"mysql",120,3,32,35
"390","mysql","skyscrapers/mysql",0,"https://hub.docker.com/r/skyscrapers/mysql",2500,-1,"mysql",118,1,21,22
"391","mysql","drupaldocker/mysql",0,"https://hub.docker.com/r/drupaldocker/mysql",2200,3,"mysql",117,2,29,31
"392","mysql","livingobjects/mysql",0,"https://hub.docker.com/r/livingobjects/mysql",1800,-1,"mysql",137,1,22,23
"393","mysql","poweroflinks/mysql",0,"https://hub.docker.com/r/poweroflinks/mysql",10000,-1,"mysql",117,2,34,36
"394","mysql","ethanheadspace/mysql",0,"https://hub.docker.com/r/ethanheadspace/mysql",2500,1,"mysql",117,3,32,35
"395","mysql","rubinlab/mysql",0,"https://hub.docker.com/r/rubinlab/mysql",1900,-1,"mysql",93,0,0,0
"396","mysql","sport1/mysql",0,"https://hub.docker.com/r/sport1/mysql",10000,-1,"mysql",117,2,41,43
"397","mysql","mygento/mysql",0,"https://hub.docker.com/r/mygento/mysql",10000,-1,"mysql",199,1,24,25
"398","mysql","maco222/mysql",0,"https://hub.docker.com/r/maco222/mysql",1300,-1,"mysql",118,3,32,35
"399","mysql","kmurakawa/mysql",0,"https://hub.docker.com/r/kmurakawa/mysql",1400,-1,"mysql",117,1,18,19
"400","mysql","ignatov/mysql",0,"https://hub.docker.com/r/ignatov/mysql",10000,1,"mysql",95,0,0,0
"401","mysql","shoaibmohammed/mysql",0,"https://hub.docker.com/r/shoaibmohammed/mysql",9900,-1,"mysql",118,1,21,22
"402","mysql","yfix/mysql",0,"https://hub.docker.com/r/yfix/mysql",1300,2,"mysql",117,2,34,36
"403","mysql","flowmoco/mysql",0,"https://hub.docker.com/r/flowmoco/mysql",1400,-1,"mysql",134,2,36,38
"404","mysql","apporbit/mysql",0,"https://hub.docker.com/r/apporbit/mysql",7900,-1,"mysql",167,3,41,44
"405","mysql","asterios/mysql",0,"https://hub.docker.com/r/asterios/mysql",1100,-1,"mysql",143,3,54,57
"406","mysql","deizel/mysql",0,"https://hub.docker.com/r/deizel/mysql",7500,-1,"mysql",118,1,21,22
"407","mysql","m6web/mysql",0,"https://hub.docker.com/r/m6web/mysql",7200,-1,"mysql",118,2,30,32
"408","mysql","srikanthk/mysql",0,"https://hub.docker.com/r/srikanthk/mysql",6400,-1,"mysql",118,2,30,32
"409","mysql","openflightmaps/mysql",0,"https://hub.docker.com/r/openflightmaps/mysql",914,-1,"mysql",118,1,21,22
"410","mysql","maxking/mysql",0,"https://hub.docker.com/r/maxking/mysql",858,-1,"mysql",115,2,29,31
"411","mysql","icescrum/mysql",0,"https://hub.docker.com/r/icescrum/mysql",852,1,"mysql",113,2,42,44
"412","mysql","freenas/mysql",0,"https://hub.docker.com/r/freenas/mysql",5200,-1,"mysql",123,3,41,44
"413","mysql","timonier/mysql",0,"https://hub.docker.com/r/timonier/mysql",982,-1,"mysql",120,3,47,50
"414","mysql","musashisakamoto/mysql",0,"https://hub.docker.com/r/musashisakamoto/mysql",5200,-1,"mysql",117,2,41,43
"415","mysql","wplib/mysql",0,"https://hub.docker.com/r/wplib/mysql",766,-1,"mysql",117,2,32,34
"416","mysql","klemenb/mysql",0,"https://hub.docker.com/r/klemenb/mysql",835,-1,"mysql",117,3,46,49
"417","mysql","racepace/mysql",0,"https://hub.docker.com/r/racepace/mysql",4200,-1,"mysql",123,3,41,44
"418","mysql","mukeshrajmca/mysql",0,"https://hub.docker.com/r/mukeshrajmca/mysql",4000,-1,"mysql",115,2,29,31
"419","mysql","treenity/mysql",0,"https://hub.docker.com/r/treenity/mysql",665,-1,"mysql",118,1,23,24
"420","mysql","projectomakase/mysql",0,"https://hub.docker.com/r/projectomakase/mysql",611,-1,"mysql",115,2,29,31
"421","mysql","sysradium/mysql",0,"https://hub.docker.com/r/sysradium/mysql",3700,-1,"mysql",118,1,23,24
"422","mysql","socialtablesops/mysql",0,"https://hub.docker.com/r/socialtablesops/mysql",3700,-1,"mysql",117,2,29,31
"423","mysql","metatronx/mysql",0,"https://hub.docker.com/r/metatronx/mysql",525,-1,"mysql",117,2,29,31
"424","mysql","ticketfly/mysql",0,"https://hub.docker.com/r/ticketfly/mysql",602,-1,"mysql",113,2,29,31
"425","mysql","kursatkeles/mysql",0,"https://hub.docker.com/r/kursatkeles/mysql",3000,-1,"mysql",118,1,21,22
"426","mysql","covex/mysql",0,"https://hub.docker.com/r/covex/mysql",503,-1,"mysql",120,3,38,41
"427","mysql","omnisol/mysql",0,"https://hub.docker.com/r/omnisol/mysql",440,-1,"mysql",118,3,47,50
"428","mysql","omnisol/mysql",0,"https://hub.docker.com/r/omnisol/mysql",440,-1,"mysql",118,3,47,50
"429","mysql","toqoz/mysql",0,"https://hub.docker.com/r/toqoz/mysql",411,-1,"mysql",123,1,22,23
"430","mysql","wzshiming/mysql",0,"https://hub.docker.com/r/wzshiming/mysql",385,-1,"mysql",117,2,29,31
"431","mysql","lbanchio/mysql",0,"https://hub.docker.com/r/lbanchio/mysql",465,-1,"mysql",118,1,21,22
"432","mysql","aimakun/mysql",0,"https://hub.docker.com/r/aimakun/mysql",463,-1,"mysql",117,1,21,22
"433","mysql","synopsis/mysql",0,"https://hub.docker.com/r/synopsis/mysql",424,-1,"mysql",117,2,29,31
"434","mysql","webstream/mysql",0,"https://hub.docker.com/r/webstream/mysql",408,-1,"mysql",117,2,34,36
"435","mysql","thinkiq/mysql",0,"https://hub.docker.com/r/thinkiq/mysql",461,-1,"mysql",181,6,73,79
"436","mysql","ip2location/mysql",0,"https://hub.docker.com/r/ip2location/mysql",501,5,"mysql",150,4,67,71
"437","mysql","floulab/mysql",0,"https://hub.docker.com/r/floulab/mysql",421,-1,"mysql",117,2,34,36
"438","mysql","zhouxiaoxiang/mysql",0,"https://hub.docker.com/r/zhouxiaoxiang/mysql",2000,1,"mysql",120,3,32,35
"439","mysql","yyqqing/mysql",0,"https://hub.docker.com/r/yyqqing/mysql",414,-1,"mysql",117,3,47,50
"440","mysql","liumiaocn/mysql",0,"https://hub.docker.com/r/liumiaocn/mysql",369,-1,"mysql",120,3,32,35
"441","mysql","tommylau/mysql",0,"https://hub.docker.com/r/tommylau/mysql",1700,1,"mysql",115,2,29,31
"442","mysql","luiscavero/mysql",0,"https://hub.docker.com/r/luiscavero/mysql",322,1,"mysql",117,1,21,22
"443","mysql","fisbo/mysql",0,"https://hub.docker.com/r/fisbo/mysql",322,-1,"mysql",120,3,32,35
"444","mysql","nanofi/mysql",0,"https://hub.docker.com/r/nanofi/mysql",371,-1,"mysql",131,1,18,19
"445","mysql","castelislogice/mysql",0,"https://hub.docker.com/r/castelislogice/mysql",1600,-1,"mysql",117,3,38,41
"446","mysql","blkpark/mysql",0,"https://hub.docker.com/r/blkpark/mysql",273,-1,"mysql",118,3,41,44
"447","mysql","horx/mysql",0,"https://hub.docker.com/r/horx/mysql",303,-1,"mysql",93,0,0,0
"448","mysql","ahmet2mir/mysql",0,"https://hub.docker.com/r/ahmet2mir/mysql",426,-1,"mysql",97,0,0,0
"449","mysql","maestrano/mysql",0,"https://hub.docker.com/r/maestrano/mysql",361,-1,"mysql",123,3,41,44
"450","mysql","ausybe/mysql",0,"https://hub.docker.com/r/ausybe/mysql",1500,-1,"mysql",117,3,47,50
"451","mysql","shantanuo/mysql",0,"https://hub.docker.com/r/shantanuo/mysql",378,-1,"mysql",115,3,38,41
"452","mysql","vkarassouloff/mysql",0,"https://hub.docker.com/r/vkarassouloff/mysql",258,-1,"mysql",149,3,36,39
"453","mysql","minorut/mysql",0,"https://hub.docker.com/r/minorut/mysql",257,1,"mysql",118,3,32,35
"454","mysql","atlo/mysql",0,"https://hub.docker.com/r/atlo/mysql",239,-1,"mysql",128,0,0,0
"455","mysql","associated/mysql",0,"https://hub.docker.com/r/associated/mysql",249,-1,"mysql",118,1,21,22
"456","mysql","haroungzh/mysql",0,"https://hub.docker.com/r/haroungzh/mysql",1200,-1,"mysql",117,2,41,43
"457","mysql","mbentley/mysql",0,"https://hub.docker.com/r/mbentley/mysql",1100,1,"mysql",148,3,46,49
"458","mysql","takeyamajp/mysql",0,"https://hub.docker.com/r/takeyamajp/mysql",237,1,"mysql",117,3,47,50
"459","mysql","mediamoose/mysql",0,"https://hub.docker.com/r/mediamoose/mysql",1000,-1,"mysql",139,5,62,67
"460","mysql","citizensadvice/mysql",0,"https://hub.docker.com/r/citizensadvice/mysql",258,-1,"mysql",117,3,46,49
"461","mysql","nasqueron/mysql",0,"https://hub.docker.com/r/nasqueron/mysql",984,1,"mysql",117,2,34,36
"462","mysql","bartbons/mysql",0,"https://hub.docker.com/r/bartbons/mysql",943,-1,"mysql",117,3,47,50
"463","mysql","brzda/mysql",0,"https://hub.docker.com/r/brzda/mysql",214,-1,"mysql",115,2,29,31
"464","mysql","xlight/mysql",0,"https://hub.docker.com/r/xlight/mysql",195,-1,"mysql",117,1,21,22
"465","mysql","devmtl/mysql",0,"https://hub.docker.com/r/devmtl/mysql",897,-1,"mysql",118,2,27,29
"466","mysql","apptechdev/mysql",0,"https://hub.docker.com/r/apptechdev/mysql",174,-1,"mysql",115,2,29,31
"467","mysql","dqneo/mysql",0,"https://hub.docker.com/r/dqneo/mysql",163,-1,"mysql",120,3,32,35
"468","mysql","fusonic/mysql",0,"https://hub.docker.com/r/fusonic/mysql",146,-1,"mysql",117,2,29,31
"469","mysql","irraz/mysql",0,"https://hub.docker.com/r/irraz/mysql",156,-1,"mysql",109,0,0,0
"470","mysql","pattyold/mysql",0,"https://hub.docker.com/r/pattyold/mysql",520,-1,"mysql",117,2,34,36
"471","mysql","zolotoykod/mysql",0,"https://hub.docker.com/r/zolotoykod/mysql",146,-1,"mysql",117,2,24,26
"472","mysql","linntroll/mysql",0,"https://hub.docker.com/r/linntroll/mysql",120,-1,"mysql",118,1,21,22
"473","mysql","seleme/mysql",0,"https://hub.docker.com/r/seleme/mysql",467,-1,"mysql",117,2,34,36
"474","mysql","mjrone/mysql",0,"https://hub.docker.com/r/mjrone/mysql",111,-1,"mysql",117,2,41,43
"475","mysql","crunding/mysql",0,"https://hub.docker.com/r/crunding/mysql",121,-1,"mysql",116,1,18,19
"476","mysql","tklx/mysql",0,"https://hub.docker.com/r/tklx/mysql",115,-1,"mysql",107,0,0,0
"477","mysql","francisjgarcia/mysql",0,"https://hub.docker.com/r/francisjgarcia/mysql",131,-1,"mysql",135,3,55,58
"478","mysql","timherman/mysql",0,"https://hub.docker.com/r/timherman/mysql",367,-1,"mysql",108,0,0,0
"479","mysql","kirklatslalom/mysql",0,"https://hub.docker.com/r/kirklatslalom/mysql",98,-1,"mysql",139,0,0,0
"480","mysql","aallam/mysql",0,"https://hub.docker.com/r/aallam/mysql",100,1,"mysql",149,3,36,39
"481","mysql","getuojian/mysql",0,"https://hub.docker.com/r/getuojian/mysql",95,-1,"mysql",118,1,21,22
"482","mysql","getuojian/mysql",0,"https://hub.docker.com/r/getuojian/mysql",95,-1,"mysql",118,1,21,22
"483","mysql","navyateja/mysql",0,"https://hub.docker.com/r/navyateja/mysql",94,-1,"mysql",118,1,23,24
"484","mysql","piercecave/mysqldb",0,"https://hub.docker.com/r/piercecave/mysqldb",322,-1,"mysql",117,3,47,50
"485","mysql","karun74/mysql",0,"https://hub.docker.com/r/karun74/mysql",87,-1,"mysql",92,0,0,0
"486","mysql","karun74/mysql",0,"https://hub.docker.com/r/karun74/mysql",87,-1,"mysql",92,0,0,0
"487","mysql","varci/mysql",0,"https://hub.docker.com/r/varci/mysql",308,-1,"mysql",118,2,27,29
"488","mysql","aku1/mysql",0,"https://hub.docker.com/r/aku1/mysql",295,-1,"mysql",118,1,21,22
"489","mysql","cs50/mysql",0,"https://hub.docker.com/r/cs50/mysql",79,-1,"mysql",113,2,42,44
"490","mysql","velmuruganv/mysql",0,"https://hub.docker.com/r/velmuruganv/mysql",270,-1,"mysql",120,3,32,35
"491","mysql","niccaman/mysql",0,"https://hub.docker.com/r/niccaman/mysql",82,1,"mysql",131,3,35,38
"492","mysql","xaragroup/mysql",0,"https://hub.docker.com/r/xaragroup/mysql",70,-1,"mysql",117,1,21,22
"493","mysql","cloudr/mysql",0,"https://hub.docker.com/r/cloudr/mysql",246,-1,"mysql",132,1,21,22
"494","mysql","xpxstar/mysql",0,"https://hub.docker.com/r/xpxstar/mysql",72,-1,"mysql",117,1,21,22
"495","mysql","xjimmyshcn/mysql",0,"https://hub.docker.com/r/xjimmyshcn/mysql",224,-1,"mysql",118,2,30,32
"496","mysql","xpxstar/mysql",0,"https://hub.docker.com/r/xpxstar/mysql",72,-1,"mysql",117,1,21,22
"497","mysql","xjimmyshcn/mysql",0,"https://hub.docker.com/r/xjimmyshcn/mysql",224,-1,"mysql",118,2,30,32
"498","mysql","umutcelikcomtr/mysql",0,"https://hub.docker.com/r/umutcelikcomtr/mysql",69,-1,"mysql",118,1,21,22
"499","mysql","johnny2015/mysql",0,"https://hub.docker.com/r/johnny2015/mysql",62,-1,"mysql",225,2,39,41
"500","mysql","mhcii/mysql",0,"https://hub.docker.com/r/mhcii/mysql",61,-1,"mysql",117,2,41,43
"501","mysql","3stadt/mysql",0,"https://hub.docker.com/r/3stadt/mysql",223,-1,"mysql",191,4,59,63
"502","mysql","sshejwal/mysql",0,"https://hub.docker.com/r/sshejwal/mysql",209,-1,"mysql",117,2,34,36
"503","mysql","baricio/mysql",0,"https://hub.docker.com/r/baricio/mysql",76,-1,"mysql",117,1,21,22
"504","mysql","claydonkey/mysql",0,"https://hub.docker.com/r/claydonkey/mysql",182,-1,"mysql",118,1,21,22
"505","mysql","vpecquerie/mysql",0,"https://hub.docker.com/r/vpecquerie/mysql",182,-1,"mysql",245,6,102,108
"506","mysql","capaldijo/mysql",0,"https://hub.docker.com/r/capaldijo/mysql",55,-1,"mysql",149,3,42,45
"507","mysql","bfranzen1/mysql",0,"https://hub.docker.com/r/bfranzen1/mysql",174,-1,"mysql",117,2,41,43
"508","mysql","home1oss/mysql",0,"https://hub.docker.com/r/home1oss/mysql",55,-1,"mysql",115,2,34,36
"509","mysql","nicomalig/mysql",0,"https://hub.docker.com/r/nicomalig/mysql",175,-1,"mysql",117,2,29,31
"510","mysql","micard/mysql",0,"https://hub.docker.com/r/micard/mysql",172,-1,"mysql",118,1,23,24
"511","mysql","gebizar/mysql",0,"https://hub.docker.com/r/gebizar/mysql",168,-1,"mysql",117,2,34,36
"512","mysql","razvanm/mysql",0,"https://hub.docker.com/r/razvanm/mysql",148,-1,"mysql",144,0,0,0
